,id
0,10001
1,100018
2,100030
3,100033
4,100046
5,100055
6,100059
7,100069
8,100088
9,100092
10,100093
11,100096
12,100102
13,100108
14,100123
15,100144
16,100146
17,100153
18,100159
19,100161
20,100163
21,100169
22,100170
23,100175
24,100191
25,100205
26,100207
27,100209
28,100211
29,100218
30,100220
31,100227
32,10023
33,100233
34,100238
35,100251
36,100258
37,100263
38,100268
39,100271
40,100280
41,10029
42,100294
43,100297
44,100305
45,100307
46,100311
47,100313
48,100321
49,100322
50,100325
51,100327
52,100330
53,100341
54,100346
55,100349
56,100352
57,100358
58,100368
59,100372
60,100373
61,100376
62,100378
63,10038
64,100382
65,100389
66,100392
67,100395
68,100403
69,100404
70,100416
71,100417
72,100418
73,100419
74,10042
75,100421
76,100424
77,100430
78,100432
79,100442
80,100446
81,100449
82,100450
83,100459
84,100461
85,100462
86,100468
87,100469
88,100473
89,100489
90,10049
91,100493
92,100501
93,100523
94,100526
95,100528
96,100530
97,100537
98,100544
99,100548
0,100093
1,100096
2,100102
3,100108
4,100123
5,100144
6,100146
7,100153
8,100159
9,100161
10,100163
11,100169
12,100170
13,100175
14,100191
15,100205
16,100207
17,100209
18,100211
19,100218
20,100220
21,100227
22,10023
23,100233
24,100238
25,100251
26,100258
27,100263
28,100268
29,100271
30,100280
31,10029
32,100294
33,100297
34,100305
35,100307
36,100311
37,100313
38,100321
39,100322
40,100325
41,100327
42,100330
43,100341
44,100346
45,100349
46,100352
47,100358
48,100368
49,100372
50,100373
51,100376
52,100378
53,10038
54,100382
55,100389
56,100392
57,100395
58,100403
59,100404
60,100416
61,100417
62,100418
63,100419
64,10042
65,100421
66,100424
67,100430
68,100432
69,100442
70,100446
71,100449
72,100450
73,100459
74,100461
75,100462
76,100468
77,100469
78,100473
79,100489
80,10049
81,100493
82,100501
83,100523
84,100526
85,100528
86,100530
87,100537
88,100544
89,100548
90,100556
91,100557
92,100560
93,100563
94,100565
95,100570
96,100571
97,100577
98,100582
99,100587
0,100163
1,100169
2,100170
3,100175
4,100191
5,100205
6,100207
7,100209
8,100211
9,100218
10,100220
11,100227
12,10023
13,100233
14,100238
15,100251
16,100258
17,100263
18,100268
19,100271
20,100280
21,10029
22,100294
23,100297
24,100305
25,100307
26,100311
27,100313
28,100321
29,100322
30,100325
31,100327
32,100330
33,100341
34,100346
35,100349
36,100352
37,100358
38,100368
39,100372
40,100373
41,100376
42,100378
43,10038
44,100382
45,100389
46,100392
47,100395
48,100403
49,100404
50,100416
51,100417
52,100418
53,100419
54,10042
55,100421
56,100424
57,100430
58,100432
59,100442
60,100446
61,100449
62,100450
63,100459
64,100461
65,100462
66,100468
67,100469
68,100473
69,100489
70,10049
71,100493
72,100501
73,100523
74,100526
75,100528
76,100530
77,100537
78,100544
79,100548
80,100556
81,100557
82,100560
83,100563
84,100565
85,100570
86,100571
87,100577
88,100582
89,100587
90,100591
91,100595
92,100597
93,100602
94,100604
95,100609
96,100615
97,100616
98,100620
99,100622
0,100220
1,100227
2,10023
3,100233
4,100238
5,100251
6,100258
7,100263
8,100268
9,100271
10,100280
11,10029
12,100294
13,100297
14,100305
15,100307
16,100311
17,100313
18,100321
19,100322
20,100325
21,100327
22,100330
23,100341
24,100346
25,100349
26,100352
27,100358
28,100368
29,100372
30,100373
31,100376
32,100378
33,10038
34,100382
35,100389
36,100392
37,100395
38,100403
39,100404
40,100416
41,100417
42,100418
43,100419
44,10042
45,100421
46,100424
47,100430
48,100432
49,100442
50,100446
51,100449
52,100450
53,100459
54,100461
55,100462
56,100468
57,100469
58,100473
59,100489
60,10049
61,100493
62,100501
63,100523
64,100526
65,100528
66,100530
67,100537
68,100544
69,100548
70,100556
71,100557
72,100560
73,100563
74,100565
75,100570
76,100571
77,100577
78,100582
79,100587
80,100591
81,100595
82,100597
83,100602
84,100604
85,100609
86,100615
87,100616
88,100620
89,100622
90,100623
91,100638
92,100639
93,100640
94,100641
95,100646
96,100647
97,100648
98,100649
99,100651
0,100280
1,10029
2,100294
3,100297
4,100305
5,100307
6,100311
7,100313
8,100321
9,100322
10,100325
11,100327
12,100330
13,100341
14,100346
15,100349
16,100352
17,100358
18,100368
19,100372
20,100373
21,100376
22,100378
23,10038
24,100382
25,100389
26,100392
27,100395
28,100403
29,100404
30,100416
31,100417
32,100418
33,100419
34,10042
35,100421
36,100424
37,100430
38,100432
39,100442
40,100446
41,100449
42,100450
43,100459
44,100461
45,100462
46,100468
47,100469
48,100473
49,100489
50,10049
51,100493
52,100501
53,100523
54,100526
55,100528
56,100530
57,100537
58,100544
59,100548
60,100556
61,100557
62,100560
63,100563
64,100565
65,100570
66,100571
67,100577
68,100582
69,100587
70,100591
71,100595
72,100597
73,100602
74,100604
75,100609
76,100615
77,100616
78,100620
79,100622
80,100623
81,100638
82,100639
83,100640
84,100641
85,100646
86,100647
87,100648
88,100649
89,100651
90,100674
91,100680
92,100684
93,100688
94,100703
95,100711
96,100714
97,100720
98,100725
99,100726
0,100325
1,100327
2,100330
3,100341
4,100346
5,100349
6,100352
7,100358
8,100368
9,100372
10,100373
11,100376
12,100378
13,10038
14,100382
15,100389
16,100392
17,100395
18,100403
19,100404
20,100416
21,100417
22,100418
23,100419
24,10042
25,100421
26,100424
27,100430
28,100432
29,100442
30,100446
31,100449
32,100450
33,100459
34,100461
35,100462
36,100468
37,100469
38,100473
39,100489
40,10049
41,100493
42,100501
43,100523
44,100526
45,100528
46,100530
47,100537
48,100544
49,100548
50,100556
51,100557
52,100560
53,100563
54,100565
55,100570
56,100571
57,100577
58,100582
59,100587
60,100591
61,100595
62,100597
63,100602
64,100604
65,100609
66,100615
67,100616
68,100620
69,100622
70,100623
71,100638
72,100639
73,100640
74,100641
75,100646
76,100647
77,100648
78,100649
79,100651
80,100674
81,100680
82,100684
83,100688
84,100703
85,100711
86,100714
87,100720
88,100725
89,100726
90,100728
91,100734
92,10074
93,100740
94,100742
95,100745
96,100747
97,100752
98,100758
99,100787
0,100373
1,100376
2,100378
3,10038
4,100382
5,100389
6,100392
7,100395
8,100403
9,100404
10,100416
11,100417
12,100418
13,100419
14,10042
15,100421
16,100424
17,100430
18,100432
19,100442
20,100446
21,100449
22,100450
23,100459
24,100461
25,100462
26,100468
27,100469
28,100473
29,100489
30,10049
31,100493
32,100501
33,100523
34,100526
35,100528
36,100530
37,100537
38,100544
39,100548
40,100556
41,100557
42,100560
43,100563
44,100565
45,100570
46,100571
47,100577
48,100582
49,100587
50,100591
51,100595
52,100597
53,100602
54,100604
55,100609
56,100615
57,100616
58,100620
59,100622
60,100623
61,100638
62,100639
63,100640
64,100641
65,100646
66,100647
67,100648
68,100649
69,100651
70,100674
71,100680
72,100684
73,100688
74,100703
75,100711
76,100714
77,100720
78,100725
79,100726
80,100728
81,100734
82,10074
83,100740
84,100742
85,100745
86,100747
87,100752
88,100758
89,100787
90,100799
91,100801
92,100809
93,100818
94,10083
95,100831
96,100851
97,100852
98,100859
99,100867
0,100416
1,100417
2,100418
3,100419
4,10042
5,100421
6,100424
7,100430
8,100432
9,100442
10,100446
11,100449
12,100450
13,100459
14,100461
15,100462
16,100468
17,100469
18,100473
19,100489
20,10049
21,100493
22,100501
23,100523
24,100526
25,100528
26,100530
27,100537
28,100544
29,100548
30,100556
31,100557
32,100560
33,100563
34,100565
35,100570
36,100571
37,100577
38,100582
39,100587
40,100591
41,100595
42,100597
43,100602
44,100604
45,100609
46,100615
47,100616
48,100620
49,100622
50,100623
51,100638
52,100639
53,100640
54,100641
55,100646
56,100647
57,100648
58,100649
59,100651
60,100674
61,100680
62,100684
63,100688
64,100703
65,100711
66,100714
67,100720
68,100725
69,100726
70,100728
71,100734
72,10074
73,100740
74,100742
75,100745
76,100747
77,100752
78,100758
79,100787
80,100799
81,100801
82,100809
83,100818
84,10083
85,100831
86,100851
87,100852
88,100859
89,100867
90,10091
91,100916
92,100919
93,100920
94,100922
95,100930
96,100931
97,100946
98,100955
99,100960
0,100446
1,100449
2,100450
3,100459
4,100461
5,100462
6,100468
7,100469
8,100473
9,100489
10,10049
11,100493
12,100501
13,100523
14,100526
15,100528
16,100530
17,100537
18,100544
19,100548
20,100556
21,100557
22,100560
23,100563
24,100565
25,100570
26,100571
27,100577
28,100582
29,100587
30,100591
31,100595
32,100597
33,100602
34,100604
35,100609
36,100615
37,100616
38,100620
39,100622
40,100623
41,100638
42,100639
43,100640
44,100641
45,100646
46,100647
47,100648
48,100649
49,100651
50,100674
51,100680
52,100684
53,100688
54,100703
55,100711
56,100714
57,100720
58,100725
59,100726
60,100728
61,100734
62,10074
63,100740
64,100742
65,100745
66,100747
67,100752
68,100758
69,100787
70,100799
71,100801
72,100809
73,100818
74,10083
75,100831
76,100851
77,100852
78,100859
79,100867
80,10091
81,100916
82,100919
83,100920
84,100922
85,100930
86,100931
87,100946
88,100955
89,100960
90,100963
91,100977
92,101016
93,101035
94,101037
95,101044
96,101047
97,101053
98,101057
99,101060
0,10049
1,100493
2,100501
3,100523
4,100526
5,100528
6,100530
7,100537
8,100544
9,100548
10,100556
11,100557
12,100560
13,100563
14,100565
15,100570
16,100571
17,100577
18,100582
19,100587
20,100591
21,100595
22,100597
23,100602
24,100604
25,100609
26,100615
27,100616
28,100620
29,100622
30,100623
31,100638
32,100639
33,100640
34,100641
35,100646
36,100647
37,100648
38,100649
39,100651
40,100674
41,100680
42,100684
43,100688
44,100703
45,100711
46,100714
47,100720
48,100725
49,100726
50,100728
51,100734
52,10074
53,100740
54,100742
55,100745
56,100747
57,100752
58,100758
59,100787
60,100799
61,100801
62,100809
63,100818
64,10083
65,100831
66,100851
67,100852
68,100859
69,100867
70,10091
71,100916
72,100919
73,100920
74,100922
75,100930
76,100931
77,100946
78,100955
79,100960
80,100963
81,100977
82,101016
83,101035
84,101037
85,101044
86,101047
87,101053
88,101057
89,101060
90,101074
91,101078
92,101082
93,101087
94,101090
95,10110
96,101104
97,101105
98,101115
99,101138
0,100556
1,100557
2,100560
3,100563
4,100565
5,100570
6,100571
7,100577
8,100582
9,100587
10,100591
11,100595
12,100597
13,100602
14,100604
15,100609
16,100615
17,100616
18,100620
19,100622
20,100623
21,100638
22,100639
23,100640
24,100641
25,100646
26,100647
27,100648
28,100649
29,100651
30,100674
31,100680
32,100684
33,100688
34,100703
35,100711
36,100714
37,100720
38,100725
39,100726
40,100728
41,100734
42,10074
43,100740
44,100742
45,100745
46,100747
47,100752
48,100758
49,100787
50,100799
51,100801
52,100809
53,100818
54,10083
55,100831
56,100851
57,100852
58,100859
59,100867
60,10091
61,100916
62,100919
63,100920
64,100922
65,100930
66,100931
67,100946
68,100955
69,100960
70,100963
71,100977
72,101016
73,101035
74,101037
75,101044
76,101047
77,101053
78,101057
79,101060
80,101074
81,101078
82,101082
83,101087
84,101090
85,10110
86,101104
87,101105
88,101115
89,101138
90,101142
91,101147
92,101149
93,101154
94,101155
95,101165
96,101166
97,101168
98,101172
99,101179
0,100591
1,100595
2,100597
3,100602
4,100604
5,100609
6,100615
7,100616
8,100620
9,100622
10,100623
11,100638
12,100639
13,100640
14,100641
15,100646
16,100647
17,100648
18,100649
19,100651
20,100674
21,100680
22,100684
23,100688
24,100703
25,100711
26,100714
27,100720
28,100725
29,100726
30,100728
31,100734
32,10074
33,100740
34,100742
35,100745
36,100747
37,100752
38,100758
39,100787
40,100799
41,100801
42,100809
43,100818
44,10083
45,100831
46,100851
47,100852
48,100859
49,100867
50,10091
51,100916
52,100919
53,100920
54,100922
55,100930
56,100931
57,100946
58,100955
59,100960
60,100963
61,100977
62,101016
63,101035
64,101037
65,101044
66,101047
67,101053
68,101057
69,101060
70,101074
71,101078
72,101082
73,101087
74,101090
75,10110
76,101104
77,101105
78,101115
79,101138
80,101142
81,101147
82,101149
83,101154
84,101155
85,101165
86,101166
87,101168
88,101172
89,101179
90,101196
91,101197
92,1012
93,101225
94,101226
95,101227
96,101233
97,101234
98,101235
99,101237
0,100623
1,100638
2,100639
3,100640
4,100641
5,100646
6,100647
7,100648
8,100649
9,100651
10,100674
11,100680
12,100684
13,100688
14,100703
15,100711
16,100714
17,100720
18,100725
19,100726
20,100728
21,100734
22,10074
23,100740
24,100742
25,100745
26,100747
27,100752
28,100758
29,100787
30,100799
31,100801
32,100809
33,100818
34,10083
35,100831
36,100851
37,100852
38,100859
39,100867
40,10091
41,100916
42,100919
43,100920
44,100922
45,100930
46,100931
47,100946
48,100955
49,100960
50,100963
51,100977
52,101016
53,101035
54,101037
55,101044
56,101047
57,101053
58,101057
59,101060
60,101074
61,101078
62,101082
63,101087
64,101090
65,10110
66,101104
67,101105
68,101115
69,101138
70,101142
71,101147
72,101149
73,101154
74,101155
75,101165
76,101166
77,101168
78,101172
79,101179
80,101196
81,101197
82,1012
83,101225
84,101226
85,101227
86,101233
87,101234
88,101235
89,101237
90,101238
91,101240
92,101244
93,101245
94,101252
95,101256
96,101260
97,101262
98,101269
99,101276
0,100674
1,100680
2,100684
3,100688
4,100703
5,100711
6,100714
7,100720
8,100725
9,100726
10,100728
11,100734
12,10074
13,100740
14,100742
15,100745
16,100747
17,100752
18,100758
19,100787
20,100799
21,100801
22,100809
23,100818
24,10083
25,100831
26,100851
27,100852
28,100859
29,100867
30,10091
31,100916
32,100919
33,100920
34,100922
35,100930
36,100931
37,100946
38,100955
39,100960
40,100963
41,100977
42,101016
43,101035
44,101037
45,101044
46,101047
47,101053
48,101057
49,101060
50,101074
51,101078
52,101082
53,101087
54,101090
55,10110
56,101104
57,101105
58,101115
59,101138
60,101142
61,101147
62,101149
63,101154
64,101155
65,101165
66,101166
67,101168
68,101172
69,101179
70,101196
71,101197
72,1012
73,101225
74,101226
75,101227
76,101233
77,101234
78,101235
79,101237
80,101238
81,101240
82,101244
83,101245
84,101252
85,101256
86,101260
87,101262
88,101269
89,101276
90,101277
91,101278
92,101281
93,101282
94,101285
95,101290
96,101293
97,101295
98,101296
99,101303
0,100728
1,100734
2,10074
3,100740
4,100742
5,100745
6,100747
7,100752
8,100758
9,100787
10,100799
11,100801
12,100809
13,100818
14,10083
15,100831
16,100851
17,100852
18,100859
19,100867
20,10091
21,100916
22,100919
23,100920
24,100922
25,100930
26,100931
27,100946
28,100955
29,100960
30,100963
31,100977
32,101016
33,101035
34,101037
35,101044
36,101047
37,101053
38,101057
39,101060
40,101074
41,101078
42,101082
43,101087
44,101090
45,10110
46,101104
47,101105
48,101115
49,101138
50,101142
51,101147
52,101149
53,101154
54,101155
55,101165
56,101166
57,101168
58,101172
59,101179
60,101196
61,101197
62,1012
63,101225
64,101226
65,101227
66,101233
67,101234
68,101235
69,101237
70,101238
71,101240
72,101244
73,101245
74,101252
75,101256
76,101260
77,101262
78,101269
79,101276
80,101277
81,101278
82,101281
83,101282
84,101285
85,101290
86,101293
87,101295
88,101296
89,101303
90,101307
91,101308
92,101316
93,101317
94,101318
95,101321
96,101323
97,101324
98,101327
99,101328
0,100799
1,100801
2,100809
3,100818
4,10083
5,100831
6,100851
7,100852
8,100859
9,100867
10,10091
11,100916
12,100919
13,100920
14,100922
15,100930
16,100931
17,100946
18,100955
19,100960
20,100963
21,100977
22,101016
23,101035
24,101037
25,101044
26,101047
27,101053
28,101057
29,101060
30,101074
31,101078
32,101082
33,101087
34,101090
35,10110
36,101104
37,101105
38,101115
39,101138
40,101142
41,101147
42,101149
43,101154
44,101155
45,101165
46,101166
47,101168
48,101172
49,101179
50,101196
51,101197
52,1012
53,101225
54,101226
55,101227
56,101233
57,101234
58,101235
59,101237
60,101238
61,101240
62,101244
63,101245
64,101252
65,101256
66,101260
67,101262
68,101269
69,101276
70,101277
71,101278
72,101281
73,101282
74,101285
75,101290
76,101293
77,101295
78,101296
79,101303
80,101307
81,101308
82,101316
83,101317
84,101318
85,101321
86,101323
87,101324
88,101327
89,101328
90,101335
91,101337
92,101341
93,101343
94,101346
95,101350
96,101351
97,101352
98,101353
99,101358
0,10091
1,100916
2,100919
3,100920
4,100922
5,100930
6,100931
7,100946
8,100955
9,100960
10,100963
11,100977
12,101016
13,101035
14,101037
15,101044
16,101047
17,101053
18,101057
19,101060
20,101074
21,101078
22,101082
23,101087
24,101090
25,10110
26,101104
27,101105
28,101115
29,101138
30,101142
31,101147
32,101149
33,101154
34,101155
35,101165
36,101166
37,101168
38,101172
39,101179
40,101196
41,101197
42,1012
43,101225
44,101226
45,101227
46,101233
47,101234
48,101235
49,101237
50,101238
51,101240
52,101244
53,101245
54,101252
55,101256
56,101260
57,101262
58,101269
59,101276
60,101277
61,101278
62,101281
63,101282
64,101285
65,101290
66,101293
67,101295
68,101296
69,101303
70,101307
71,101308
72,101316
73,101317
74,101318
75,101321
76,101323
77,101324
78,101327
79,101328
80,101335
81,101337
82,101341
83,101343
84,101346
85,101350
86,101351
87,101352
88,101353
89,101358
90,101359
91,10136
92,101368
93,10137
94,101370
95,101380
96,101383
97,101386
98,101393
99,101394
0,100963
1,100977
2,101016
3,101035
4,101037
5,101044
6,101047
7,101053
8,101057
9,101060
10,101074
11,101078
12,101082
13,101087
14,101090
15,10110
16,101104
17,101105
18,101115
19,101138
20,101142
21,101147
22,101149
23,101154
24,101155
25,101165
26,101166
27,101168
28,101172
29,101179
30,101196
31,101197
32,1012
33,101225
34,101226
35,101227
36,101233
37,101234
38,101235
39,101237
40,101238
41,101240
42,101244
43,101245
44,101252
45,101256
46,101260
47,101262
48,101269
49,101276
50,101277
51,101278
52,101281
53,101282
54,101285
55,101290
56,101293
57,101295
58,101296
59,101303
60,101307
61,101308
62,101316
63,101317
64,101318
65,101321
66,101323
67,101324
68,101327
69,101328
70,101335
71,101337
72,101341
73,101343
74,101346
75,101350
76,101351
77,101352
78,101353
79,101358
80,101359
81,10136
82,101368
83,10137
84,101370
85,101380
86,101383
87,101386
88,101393
89,101394
90,101399
91,10140
92,101400
93,101403
94,10141
95,101421
96,101422
97,101423
98,101424
99,101425
0,101074
1,101078
2,101082
3,101087
4,101090
5,10110
6,101104
7,101105
8,101115
9,101138
10,101142
11,101147
12,101149
13,101154
14,101155
15,101165
16,101166
17,101168
18,101172
19,101179
20,101196
21,101197
22,1012
23,101225
24,101226
25,101227
26,101233
27,101234
28,101235
29,101237
30,101238
31,101240
32,101244
33,101245
34,101252
35,101256
36,101260
37,101262
38,101269
39,101276
40,101277
41,101278
42,101281
43,101282
44,101285
45,101290
46,101293
47,101295
48,101296
49,101303
50,101307
51,101308
52,101316
53,101317
54,101318
55,101321
56,101323
57,101324
58,101327
59,101328
60,101335
61,101337
62,101341
63,101343
64,101346
65,101350
66,101351
67,101352
68,101353
69,101358
70,101359
71,10136
72,101368
73,10137
74,101370
75,101380
76,101383
77,101386
78,101393
79,101394
80,101399
81,10140
82,101400
83,101403
84,10141
85,101421
86,101422
87,101423
88,101424
89,101425
90,101432
91,101436
92,101437
93,101439
94,101442
95,101445
96,101447
97,101448
98,101449
99,101451
0,101142
1,101147
2,101149
3,101154
4,101155
5,101165
6,101166
7,101168
8,101172
9,101179
10,101196
11,101197
12,1012
13,101225
14,101226
15,101227
16,101233
17,101234
18,101235
19,101237
20,101238
21,101240
22,101244
23,101245
24,101252
25,101256
26,101260
27,101262
28,101269
29,101276
30,101277
31,101278
32,101281
33,101282
34,101285
35,101290
36,101293
37,101295
38,101296
39,101303
40,101307
41,101308
42,101316
43,101317
44,101318
45,101321
46,101323
47,101324
48,101327
49,101328
50,101335
51,101337
52,101341
53,101343
54,101346
55,101350
56,101351
57,101352
58,101353
59,101358
60,101359
61,10136
62,101368
63,10137
64,101370
65,101380
66,101383
67,101386
68,101393
69,101394
70,101399
71,10140
72,101400
73,101403
74,10141
75,101421
76,101422
77,101423
78,101424
79,101425
80,101432
81,101436
82,101437
83,101439
84,101442
85,101445
86,101447
87,101448
88,101449
89,101451
90,101459
91,101461
92,101463
93,101464
94,101476
95,10148
96,101485
97,101486
98,101488
99,101489
0,101196
1,101197
2,1012
3,101225
4,101226
5,101227
6,101233
7,101234
8,101235
9,101237
10,101238
11,101240
12,101244
13,101245
14,101252
15,101256
16,101260
17,101262
18,101269
19,101276
20,101277
21,101278
22,101281
23,101282
24,101285
25,101290
26,101293
27,101295
28,101296
29,101303
30,101307
31,101308
32,101316
33,101317
34,101318
35,101321
36,101323
37,101324
38,101327
39,101328
40,101335
41,101337
42,101341
43,101343
44,101346
45,101350
46,101351
47,101352
48,101353
49,101358
50,101359
51,10136
52,101368
53,10137
54,101370
55,101380
56,101383
57,101386
58,101393
59,101394
60,101399
61,10140
62,101400
63,101403
64,10141
65,101421
66,101422
67,101423
68,101424
69,101425
70,101432
71,101436
72,101437
73,101439
74,101442
75,101445
76,101447
77,101448
78,101449
79,101451
80,101459
81,101461
82,101463
83,101464
84,101476
85,10148
86,101485
87,101486
88,101488
89,101489
90,101494
91,101496
92,101497
93,101508
94,101513
95,101515
96,101516
97,101518
98,101526
99,101536
0,101238
1,101240
2,101244
3,101245
4,101252
5,101256
6,101260
7,101262
8,101269
9,101276
10,101277
11,101278
12,101281
13,101282
14,101285
15,101290
16,101293
17,101295
18,101296
19,101303
20,101307
21,101308
22,101316
23,101317
24,101318
25,101321
26,101323
27,101324
28,101327
29,101328
30,101335
31,101337
32,101341
33,101343
34,101346
35,101350
36,101351
37,101352
38,101353
39,101358
40,101359
41,10136
42,101368
43,10137
44,101370
45,101380
46,101383
47,101386
48,101393
49,101394
50,101399
51,10140
52,101400
53,101403
54,10141
55,101421
56,101422
57,101423
58,101424
59,101425
60,101432
61,101436
62,101437
63,101439
64,101442
65,101445
66,101447
67,101448
68,101449
69,101451
70,101459
71,101461
72,101463
73,101464
74,101476
75,10148
76,101485
77,101486
78,101488
79,101489
80,101494
81,101496
82,101497
83,101508
84,101513
85,101515
86,101516
87,101518
88,101526
89,101536
90,101538
91,101544
92,101546
93,101549
94,101551
95,101555
96,101559
97,101560
98,101564
99,101565
0,101277
1,101278
2,101281
3,101282
4,101285
5,101290
6,101293
7,101295
8,101296
9,101303
10,101307
11,101308
12,101316
13,101317
14,101318
15,101321
16,101323
17,101324
18,101327
19,101328
20,101335
21,101337
22,101341
23,101343
24,101346
25,101350
26,101351
27,101352
28,101353
29,101358
30,101359
31,10136
32,101368
33,10137
34,101370
35,101380
36,101383
37,101386
38,101393
39,101394
40,101399
41,10140
42,101400
43,101403
44,10141
45,101421
46,101422
47,101423
48,101424
49,101425
50,101432
51,101436
52,101437
53,101439
54,101442
55,101445
56,101447
57,101448
58,101449
59,101451
60,101459
61,101461
62,101463
63,101464
64,101476
65,10148
66,101485
67,101486
68,101488
69,101489
70,101494
71,101496
72,101497
73,101508
74,101513
75,101515
76,101516
77,101518
78,101526
79,101536
80,101538
81,101544
82,101546
83,101549
84,101551
85,101555
86,101559
87,101560
88,101564
89,101565
90,101567
91,101572
92,101582
93,101583
94,101585
95,101587
96,101596
97,101597
98,101601
99,101603
0,101307
1,101308
2,101316
3,101317
4,101318
5,101321
6,101323
7,101324
8,101327
9,101328
10,101335
11,101337
12,101341
13,101343
14,101346
15,101350
16,101351
17,101352
18,101353
19,101358
20,101359
21,10136
22,101368
23,10137
24,101370
25,101380
26,101383
27,101386
28,101393
29,101394
30,101399
31,10140
32,101400
33,101403
34,10141
35,101421
36,101422
37,101423
38,101424
39,101425
40,101432
41,101436
42,101437
43,101439
44,101442
45,101445
46,101447
47,101448
48,101449
49,101451
50,101459
51,101461
52,101463
53,101464
54,101476
55,10148
56,101485
57,101486
58,101488
59,101489
60,101494
61,101496
62,101497
63,101508
64,101513
65,101515
66,101516
67,101518
68,101526
69,101536
70,101538
71,101544
72,101546
73,101549
74,101551
75,101555
76,101559
77,101560
78,101564
79,101565
80,101567
81,101572
82,101582
83,101583
84,101585
85,101587
86,101596
87,101597
88,101601
89,101603
90,101612
91,101615
92,101618
93,101620
94,101624
95,101625
96,10163
97,101630
98,101631
99,101632
0,101335
1,101337
2,101341
3,101343
4,101346
5,101350
6,101351
7,101352
8,101353
9,101358
10,101359
11,10136
12,101368
13,10137
14,101370
15,101380
16,101383
17,101386
18,101393
19,101394
20,101399
21,10140
22,101400
23,101403
24,10141
25,101421
26,101422
27,101423
28,101424
29,101425
30,101432
31,101436
32,101437
33,101439
34,101442
35,101445
36,101447
37,101448
38,101449
39,101451
40,101459
41,101461
42,101463
43,101464
44,101476
45,10148
46,101485
47,101486
48,101488
49,101489
50,101494
51,101496
52,101497
53,101508
54,101513
55,101515
56,101516
57,101518
58,101526
59,101536
60,101538
61,101544
62,101546
63,101549
64,101551
65,101555
66,101559
67,101560
68,101564
69,101565
70,101567
71,101572
72,101582
73,101583
74,101585
75,101587
76,101596
77,101597
78,101601
79,101603
80,101612
81,101615
82,101618
83,101620
84,101624
85,101625
86,10163
87,101630
88,101631
89,101632
90,101635
91,101637
92,101644
93,101653
94,101659
95,101666
96,101667
97,101678
98,101681
99,101683
0,101359
1,10136
2,101368
3,10137
4,101370
5,101380
6,101383
7,101386
8,101393
9,101394
10,101399
11,10140
12,101400
13,101403
14,10141
15,101421
16,101422
17,101423
18,101424
19,101425
20,101432
21,101436
22,101437
23,101439
24,101442
25,101445
26,101447
27,101448
28,101449
29,101451
30,101459
31,101461
32,101463
33,101464
34,101476
35,10148
36,101485
37,101486
38,101488
39,101489
40,101494
41,101496
42,101497
43,101508
44,101513
45,101515
46,101516
47,101518
48,101526
49,101536
50,101538
51,101544
52,101546
53,101549
54,101551
55,101555
56,101559
57,101560
58,101564
59,101565
60,101567
61,101572
62,101582
63,101583
64,101585
65,101587
66,101596
67,101597
68,101601
69,101603
70,101612
71,101615
72,101618
73,101620
74,101624
75,101625
76,10163
77,101630
78,101631
79,101632
80,101635
81,101637
82,101644
83,101653
84,101659
85,101666
86,101667
87,101678
88,101681
89,101683
90,101686
91,101699
92,101700
93,101709
94,101718
95,101721
96,101722
97,101726
98,101727
99,101731
0,101399
1,10140
2,101400
3,101403
4,10141
5,101421
6,101422
7,101423
8,101424
9,101425
10,101432
11,101436
12,101437
13,101439
14,101442
15,101445
16,101447
17,101448
18,101449
19,101451
20,101459
21,101461
22,101463
23,101464
24,101476
25,10148
26,101485
27,101486
28,101488
29,101489
30,101494
31,101496
32,101497
33,101508
34,101513
35,101515
36,101516
37,101518
38,101526
39,101536
40,101538
41,101544
42,101546
43,101549
44,101551
45,101555
46,101559
47,101560
48,101564
49,101565
50,101567
51,101572
52,101582
53,101583
54,101585
55,101587
56,101596
57,101597
58,101601
59,101603
60,101612
61,101615
62,101618
63,101620
64,101624
65,101625
66,10163
67,101630
68,101631
69,101632
70,101635
71,101637
72,101644
73,101653
74,101659
75,101666
76,101667
77,101678
78,101681
79,101683
80,101686
81,101699
82,101700
83,101709
84,101718
85,101721
86,101722
87,101726
88,101727
89,101731
90,101735
91,101736
92,101739
93,101749
94,101754
95,101757
96,101763
97,101764
98,101768
99,101785
0,101432
1,101436
2,101437
3,101439
4,101442
5,101445
6,101447
7,101448
8,101449
9,101451
10,101459
11,101461
12,101463
13,101464
14,101476
15,10148
16,101485
17,101486
18,101488
19,101489
20,101494
21,101496
22,101497
23,101508
24,101513
25,101515
26,101516
27,101518
28,101526
29,101536
30,101538
31,101544
32,101546
33,101549
34,101551
35,101555
36,101559
37,101560
38,101564
39,101565
40,101567
41,101572
42,101582
43,101583
44,101585
45,101587
46,101596
47,101597
48,101601
49,101603
50,101612
51,101615
52,101618
53,101620
54,101624
55,101625
56,10163
57,101630
58,101631
59,101632
60,101635
61,101637
62,101644
63,101653
64,101659
65,101666
66,101667
67,101678
68,101681
69,101683
70,101686
71,101699
72,101700
73,101709
74,101718
75,101721
76,101722
77,101726
78,101727
79,101731
80,101735
81,101736
82,101739
83,101749
84,101754
85,101757
86,101763
87,101764
88,101768
89,101785
90,101788
91,101793
92,101799
93,101802
94,101803
95,101807
96,101811
97,101816
98,101824
99,101827
0,101459
1,101461
2,101463
3,101464
4,101476
5,10148
6,101485
7,101486
8,101488
9,101489
10,101494
11,101496
12,101497
13,101508
14,101513
15,101515
16,101516
17,101518
18,101526
19,101536
20,101538
21,101544
22,101546
23,101549
24,101551
25,101555
26,101559
27,101560
28,101564
29,101565
30,101567
31,101572
32,101582
33,101583
34,101585
35,101587
36,101596
37,101597
38,101601
39,101603
40,101612
41,101615
42,101618
43,101620
44,101624
45,101625
46,10163
47,101630
48,101631
49,101632
50,101635
51,101637
52,101644
53,101653
54,101659
55,101666
56,101667
57,101678
58,101681
59,101683
60,101686
61,101699
62,101700
63,101709
64,101718
65,101721
66,101722
67,101726
68,101727
69,101731
70,101735
71,101736
72,101739
73,101749
74,101754
75,101757
76,101763
77,101764
78,101768
79,101785
80,101788
81,101793
82,101799
83,101802
84,101803
85,101807
86,101811
87,101816
88,101824
89,101827
90,101834
91,10184
92,101840
93,101843
94,101851
95,101862
96,101868
97,101881
98,101887
99,101888
0,101494
1,101496
2,101497
3,101508
4,101513
5,101515
6,101516
7,101518
8,101526
9,101536
10,101538
11,101544
12,101546
13,101549
14,101551
15,101555
16,101559
17,101560
18,101564
19,101565
20,101567
21,101572
22,101582
23,101583
24,101585
25,101587
26,101596
27,101597
28,101601
29,101603
30,101612
31,101615
32,101618
33,101620
34,101624
35,101625
36,10163
37,101630
38,101631
39,101632
40,101635
41,101637
42,101644
43,101653
44,101659
45,101666
46,101667
47,101678
48,101681
49,101683
50,101686
51,101699
52,101700
53,101709
54,101718
55,101721
56,101722
57,101726
58,101727
59,101731
60,101735
61,101736
62,101739
63,101749
64,101754
65,101757
66,101763
67,101764
68,101768
69,101785
70,101788
71,101793
72,101799
73,101802
74,101803
75,101807
76,101811
77,101816
78,101824
79,101827
80,101834
81,10184
82,101840
83,101843
84,101851
85,101862
86,101868
87,101881
88,101887
89,101888
90,101890
91,101891
92,1019
93,101902
94,101908
95,101909
96,101916
97,10192
98,101923
99,101925
0,101538
1,101544
2,101546
3,101549
4,101551
5,101555
6,101559
7,101560
8,101564
9,101565
10,101567
11,101572
12,101582
13,101583
14,101585
15,101587
16,101596
17,101597
18,101601
19,101603
20,101612
21,101615
22,101618
23,101620
24,101624
25,101625
26,10163
27,101630
28,101631
29,101632
30,101635
31,101637
32,101644
33,101653
34,101659
35,101666
36,101667
37,101678
38,101681
39,101683
40,101686
41,101699
42,101700
43,101709
44,101718
45,101721
46,101722
47,101726
48,101727
49,101731
50,101735
51,101736
52,101739
53,101749
54,101754
55,101757
56,101763
57,101764
58,101768
59,101785
60,101788
61,101793
62,101799
63,101802
64,101803
65,101807
66,101811
67,101816
68,101824
69,101827
70,101834
71,10184
72,101840
73,101843
74,101851
75,101862
76,101868
77,101881
78,101887
79,101888
80,101890
81,101891
82,1019
83,101902
84,101908
85,101909
86,101916
87,10192
88,101923
89,101925
90,101927
91,101928
92,101929
93,10193
94,101940
95,101941
96,101946
97,101948
98,10195
99,101955
0,101567
1,101572
2,101582
3,101583
4,101585
5,101587
6,101596
7,101597
8,101601
9,101603
10,101612
11,101615
12,101618
13,101620
14,101624
15,101625
16,10163
17,101630
18,101631
19,101632
20,101635
21,101637
22,101644
23,101653
24,101659
25,101666
26,101667
27,101678
28,101681
29,101683
30,101686
31,101699
32,101700
33,101709
34,101718
35,101721
36,101722
37,101726
38,101727
39,101731
40,101735
41,101736
42,101739
43,101749
44,101754
45,101757
46,101763
47,101764
48,101768
49,101785
50,101788
51,101793
52,101799
53,101802
54,101803
55,101807
56,101811
57,101816
58,101824
59,101827
60,101834
61,10184
62,101840
63,101843
64,101851
65,101862
66,101868
67,101881
68,101887
69,101888
70,101890
71,101891
72,1019
73,101902
74,101908
75,101909
76,101916
77,10192
78,101923
79,101925
80,101927
81,101928
82,101929
83,10193
84,101940
85,101941
86,101946
87,101948
88,10195
89,101955
90,101959
91,101964
92,101971
93,101974
94,101977
95,101986
96,101994
97,101996
98,102005
99,102006
0,101612
1,101615
2,101618
3,101620
4,101624
5,101625
6,10163
7,101630
8,101631
9,101632
10,101635
11,101637
12,101644
13,101653
14,101659
15,101666
16,101667
17,101678
18,101681
19,101683
20,101686
21,101699
22,101700
23,101709
24,101718
25,101721
26,101722
27,101726
28,101727
29,101731
30,101735
31,101736
32,101739
33,101749
34,101754
35,101757
36,101763
37,101764
38,101768
39,101785
40,101788
41,101793
42,101799
43,101802
44,101803
45,101807
46,101811
47,101816
48,101824
49,101827
50,101834
51,10184
52,101840
53,101843
54,101851
55,101862
56,101868
57,101881
58,101887
59,101888
60,101890
61,101891
62,1019
63,101902
64,101908
65,101909
66,101916
67,10192
68,101923
69,101925
70,101927
71,101928
72,101929
73,10193
74,101940
75,101941
76,101946
77,101948
78,10195
79,101955
80,101959
81,101964
82,101971
83,101974
84,101977
85,101986
86,101994
87,101996
88,102005
89,102006
90,10201
91,102010
92,102011
93,102013
94,102016
95,102026
96,102031
97,102035
98,102036
99,102041
0,101635
1,101637
2,101644
3,101653
4,101659
5,101666
6,101667
7,101678
8,101681
9,101683
10,101686
11,101699
12,101700
13,101709
14,101718
15,101721
16,101722
17,101726
18,101727
19,101731
20,101735
21,101736
22,101739
23,101749
24,101754
25,101757
26,101763
27,101764
28,101768
29,101785
30,101788
31,101793
32,101799
33,101802
34,101803
35,101807
36,101811
37,101816
38,101824
39,101827
40,101834
41,10184
42,101840
43,101843
44,101851
45,101862
46,101868
47,101881
48,101887
49,101888
50,101890
51,101891
52,1019
53,101902
54,101908
55,101909
56,101916
57,10192
58,101923
59,101925
60,101927
61,101928
62,101929
63,10193
64,101940
65,101941
66,101946
67,101948
68,10195
69,101955
70,101959
71,101964
72,101971
73,101974
74,101977
75,101986
76,101994
77,101996
78,102005
79,102006
80,10201
81,102010
82,102011
83,102013
84,102016
85,102026
86,102031
87,102035
88,102036
89,102041
90,102042
91,102050
92,102057
93,102061
94,102067
95,10207
96,102082
97,102083
98,102089
99,102090
0,101686
1,101699
2,101700
3,101709
4,101718
5,101721
6,101722
7,101726
8,101727
9,101731
10,101735
11,101736
12,101739
13,101749
14,101754
15,101757
16,101763
17,101764
18,101768
19,101785
20,101788
21,101793
22,101799
23,101802
24,101803
25,101807
26,101811
27,101816
28,101824
29,101827
30,101834
31,10184
32,101840
33,101843
34,101851
35,101862
36,101868
37,101881
38,101887
39,101888
40,101890
41,101891
42,1019
43,101902
44,101908
45,101909
46,101916
47,10192
48,101923
49,101925
50,101927
51,101928
52,101929
53,10193
54,101940
55,101941
56,101946
57,101948
58,10195
59,101955
60,101959
61,101964
62,101971
63,101974
64,101977
65,101986
66,101994
67,101996
68,102005
69,102006
70,10201
71,102010
72,102011
73,102013
74,102016
75,102026
76,102031
77,102035
78,102036
79,102041
80,102042
81,102050
82,102057
83,102061
84,102067
85,10207
86,102082
87,102083
88,102089
89,102090
90,102091
91,102095
92,102100
93,102103
94,102105
95,102108
96,102111
97,102114
98,102115
99,102119
0,101735
1,101736
2,101739
3,101749
4,101754
5,101757
6,101763
7,101764
8,101768
9,101785
10,101788
11,101793
12,101799
13,101802
14,101803
15,101807
16,101811
17,101816
18,101824
19,101827
20,101834
21,10184
22,101840
23,101843
24,101851
25,101862
26,101868
27,101881
28,101887
29,101888
30,101890
31,101891
32,1019
33,101902
34,101908
35,101909
36,101916
37,10192
38,101923
39,101925
40,101927
41,101928
42,101929
43,10193
44,101940
45,101941
46,101946
47,101948
48,10195
49,101955
50,101959
51,101964
52,101971
53,101974
54,101977
55,101986
56,101994
57,101996
58,102005
59,102006
60,10201
61,102010
62,102011
63,102013
64,102016
65,102026
66,102031
67,102035
68,102036
69,102041
70,102042
71,102050
72,102057
73,102061
74,102067
75,10207
76,102082
77,102083
78,102089
79,102090
80,102091
81,102095
82,102100
83,102103
84,102105
85,102108
86,102111
87,102114
88,102115
89,102119
90,102121
91,102123
92,102136
93,102144
94,102153
95,102154
96,102160
97,102167
98,102168
99,102170
0,101788
1,101793
2,101799
3,101802
4,101803
5,101807
6,101811
7,101816
8,101824
9,101827
10,101834
11,10184
12,101840
13,101843
14,101851
15,101862
16,101868
17,101881
18,101887
19,101888
20,101890
21,101891
22,1019
23,101902
24,101908
25,101909
26,101916
27,10192
28,101923
29,101925
30,101927
31,101928
32,101929
33,10193
34,101940
35,101941
36,101946
37,101948
38,10195
39,101955
40,101959
41,101964
42,101971
43,101974
44,101977
45,101986
46,101994
47,101996
48,102005
49,102006
50,10201
51,102010
52,102011
53,102013
54,102016
55,102026
56,102031
57,102035
58,102036
59,102041
60,102042
61,102050
62,102057
63,102061
64,102067
65,10207
66,102082
67,102083
68,102089
69,102090
70,102091
71,102095
72,102100
73,102103
74,102105
75,102108
76,102111
77,102114
78,102115
79,102119
80,102121
81,102123
82,102136
83,102144
84,102153
85,102154
86,102160
87,102167
88,102168
89,102170
90,102176
91,102180
92,102182
93,102187
94,102189
95,102193
96,102194
97,10220
98,102202
99,102206
0,101834
1,10184
2,101840
3,101843
4,101851
5,101862
6,101868
7,101881
8,101887
9,101888
10,101890
11,101891
12,1019
13,101902
14,101908
15,101909
16,101916
17,10192
18,101923
19,101925
20,101927
21,101928
22,101929
23,10193
24,101940
25,101941
26,101946
27,101948
28,10195
29,101955
30,101959
31,101964
32,101971
33,101974
34,101977
35,101986
36,101994
37,101996
38,102005
39,102006
40,10201
41,102010
42,102011
43,102013
44,102016
45,102026
46,102031
47,102035
48,102036
49,102041
50,102042
51,102050
52,102057
53,102061
54,102067
55,10207
56,102082
57,102083
58,102089
59,102090
60,102091
61,102095
62,102100
63,102103
64,102105
65,102108
66,102111
67,102114
68,102115
69,102119
70,102121
71,102123
72,102136
73,102144
74,102153
75,102154
76,102160
77,102167
78,102168
79,102170
80,102176
81,102180
82,102182
83,102187
84,102189
85,102193
86,102194
87,10220
88,102202
89,102206
90,102208
91,102209
92,102213
93,102236
94,102239
95,102242
96,102245
97,102247
98,10225
99,102261
0,101890
1,101891
2,1019
3,101902
4,101908
5,101909
6,101916
7,10192
8,101923
9,101925
10,101927
11,101928
12,101929
13,10193
14,101940
15,101941
16,101946
17,101948
18,10195
19,101955
20,101959
21,101964
22,101971
23,101974
24,101977
25,101986
26,101994
27,101996
28,102005
29,102006
30,10201
31,102010
32,102011
33,102013
34,102016
35,102026
36,102031
37,102035
38,102036
39,102041
40,102042
41,102050
42,102057
43,102061
44,102067
45,10207
46,102082
47,102083
48,102089
49,102090
50,102091
51,102095
52,102100
53,102103
54,102105
55,102108
56,102111
57,102114
58,102115
59,102119
60,102121
61,102123
62,102136
63,102144
64,102153
65,102154
66,102160
67,102167
68,102168
69,102170
70,102176
71,102180
72,102182
73,102187
74,102189
75,102193
76,102194
77,10220
78,102202
79,102206
80,102208
81,102209
82,102213
83,102236
84,102239
85,102242
86,102245
87,102247
88,10225
89,102261
90,102266
91,102267
92,102274
93,102290
94,102294
95,102295
96,102298
97,102303
98,102308
99,102309
0,101927
1,101928
2,101929
3,10193
4,101940
5,101941
6,101946
7,101948
8,10195
9,101955
10,101959
11,101964
12,101971
13,101974
14,101977
15,101986
16,101994
17,101996
18,102005
19,102006
20,10201
21,102010
22,102011
23,102013
24,102016
25,102026
26,102031
27,102035
28,102036
29,102041
30,102042
31,102050
32,102057
33,102061
34,102067
35,10207
36,102082
37,102083
38,102089
39,102090
40,102091
41,102095
42,102100
43,102103
44,102105
45,102108
46,102111
47,102114
48,102115
49,102119
50,102121
51,102123
52,102136
53,102144
54,102153
55,102154
56,102160
57,102167
58,102168
59,102170
60,102176
61,102180
62,102182
63,102187
64,102189
65,102193
66,102194
67,10220
68,102202
69,102206
70,102208
71,102209
72,102213
73,102236
74,102239
75,102242
76,102245
77,102247
78,10225
79,102261
80,102266
81,102267
82,102274
83,102290
84,102294
85,102295
86,102298
87,102303
88,102308
89,102309
90,102310
91,102351
92,102364
93,102370
94,102374
95,10239
96,102399
97,10240
98,102404
99,102406
0,101959
1,101964
2,101971
3,101974
4,101977
5,101986
6,101994
7,101996
8,102005
9,102006
10,10201
11,102010
12,102011
13,102013
14,102016
15,102026
16,102031
17,102035
18,102036
19,102041
20,102042
21,102050
22,102057
23,102061
24,102067
25,10207
26,102082
27,102083
28,102089
29,102090
30,102091
31,102095
32,102100
33,102103
34,102105
35,102108
36,102111
37,102114
38,102115
39,102119
40,102121
41,102123
42,102136
43,102144
44,102153
45,102154
46,102160
47,102167
48,102168
49,102170
50,102176
51,102180
52,102182
53,102187
54,102189
55,102193
56,102194
57,10220
58,102202
59,102206
60,102208
61,102209
62,102213
63,102236
64,102239
65,102242
66,102245
67,102247
68,10225
69,102261
70,102266
71,102267
72,102274
73,102290
74,102294
75,102295
76,102298
77,102303
78,102308
79,102309
80,102310
81,102351
82,102364
83,102370
84,102374
85,10239
86,102399
87,10240
88,102404
89,102406
90,102407
91,10241
92,102411
93,102412
94,102415
95,102418
96,102420
97,102426
98,102428
99,102433
0,10201
1,102010
2,102011
3,102013
4,102016
5,102026
6,102031
7,102035
8,102036
9,102041
10,102042
11,102050
12,102057
13,102061
14,102067
15,10207
16,102082
17,102083
18,102089
19,102090
20,102091
21,102095
22,102100
23,102103
24,102105
25,102108
26,102111
27,102114
28,102115
29,102119
30,102121
31,102123
32,102136
33,102144
34,102153
35,102154
36,102160
37,102167
38,102168
39,102170
40,102176
41,102180
42,102182
43,102187
44,102189
45,102193
46,102194
47,10220
48,102202
49,102206
50,102208
51,102209
52,102213
53,102236
54,102239
55,102242
56,102245
57,102247
58,10225
59,102261
60,102266
61,102267
62,102274
63,102290
64,102294
65,102295
66,102298
67,102303
68,102308
69,102309
70,102310
71,102351
72,102364
73,102370
74,102374
75,10239
76,102399
77,10240
78,102404
79,102406
80,102407
81,10241
82,102411
83,102412
84,102415
85,102418
86,102420
87,102426
88,102428
89,102433
90,102434
91,102439
92,10244
93,102440
94,102444
95,102445
96,102450
97,102453
98,102456
99,102459
0,102042
1,102050
2,102057
3,102061
4,102067
5,10207
6,102082
7,102083
8,102089
9,102090
10,102091
11,102095
12,102100
13,102103
14,102105
15,102108
16,102111
17,102114
18,102115
19,102119
20,102121
21,102123
22,102136
23,102144
24,102153
25,102154
26,102160
27,102167
28,102168
29,102170
30,102176
31,102180
32,102182
33,102187
34,102189
35,102193
36,102194
37,10220
38,102202
39,102206
40,102208
41,102209
42,102213
43,102236
44,102239
45,102242
46,102245
47,102247
48,10225
49,102261
50,102266
51,102267
52,102274
53,102290
54,102294
55,102295
56,102298
57,102303
58,102308
59,102309
60,102310
61,102351
62,102364
63,102370
64,102374
65,10239
66,102399
67,10240
68,102404
69,102406
70,102407
71,10241
72,102411
73,102412
74,102415
75,102418
76,102420
77,102426
78,102428
79,102433
80,102434
81,102439
82,10244
83,102440
84,102444
85,102445
86,102450
87,102453
88,102456
89,102459
90,102468
91,102471
92,102472
93,102474
94,102475
95,102491
96,102498
97,102502
98,102507
99,102521
0,102091
1,102095
2,102100
3,102103
4,102105
5,102108
6,102111
7,102114
8,102115
9,102119
10,102121
11,102123
12,102136
13,102144
14,102153
15,102154
16,102160
17,102167
18,102168
19,102170
20,102176
21,102180
22,102182
23,102187
24,102189
25,102193
26,102194
27,10220
28,102202
29,102206
30,102208
31,102209
32,102213
33,102236
34,102239
35,102242
36,102245
37,102247
38,10225
39,102261
40,102266
41,102267
42,102274
43,102290
44,102294
45,102295
46,102298
47,102303
48,102308
49,102309
50,102310
51,102351
52,102364
53,102370
54,102374
55,10239
56,102399
57,10240
58,102404
59,102406
60,102407
61,10241
62,102411
63,102412
64,102415
65,102418
66,102420
67,102426
68,102428
69,102433
70,102434
71,102439
72,10244
73,102440
74,102444
75,102445
76,102450
77,102453
78,102456
79,102459
80,102468
81,102471
82,102472
83,102474
84,102475
85,102491
86,102498
87,102502
88,102507
89,102521
90,102534
91,102536
92,102581
93,102590
94,102598
95,102600
96,102604
97,102605
98,102608
99,102611
0,102121
1,102123
2,102136
3,102144
4,102153
5,102154
6,102160
7,102167
8,102168
9,102170
10,102176
11,102180
12,102182
13,102187
14,102189
15,102193
16,102194
17,10220
18,102202
19,102206
20,102208
21,102209
22,102213
23,102236
24,102239
25,102242
26,102245
27,102247
28,10225
29,102261
30,102266
31,102267
32,102274
33,102290
34,102294
35,102295
36,102298
37,102303
38,102308
39,102309
40,102310
41,102351
42,102364
43,102370
44,102374
45,10239
46,102399
47,10240
48,102404
49,102406
50,102407
51,10241
52,102411
53,102412
54,102415
55,102418
56,102420
57,102426
58,102428
59,102433
60,102434
61,102439
62,10244
63,102440
64,102444
65,102445
66,102450
67,102453
68,102456
69,102459
70,102468
71,102471
72,102472
73,102474
74,102475
75,102491
76,102498
77,102502
78,102507
79,102521
80,102534
81,102536
82,102581
83,102590
84,102598
85,102600
86,102604
87,102605
88,102608
89,102611
90,102616
91,102620
92,102622
93,102626
94,102634
95,102636
96,102643
97,102666
98,102672
99,102675
0,102176
1,102180
2,102182
3,102187
4,102189
5,102193
6,102194
7,10220
8,102202
9,102206
10,102208
11,102209
12,102213
13,102236
14,102239
15,102242
16,102245
17,102247
18,10225
19,102261
20,102266
21,102267
22,102274
23,102290
24,102294
25,102295
26,102298
27,102303
28,102308
29,102309
30,102310
31,102351
32,102364
33,102370
34,102374
35,10239
36,102399
37,10240
38,102404
39,102406
40,102407
41,10241
42,102411
43,102412
44,102415
45,102418
46,102420
47,102426
48,102428
49,102433
50,102434
51,102439
52,10244
53,102440
54,102444
55,102445
56,102450
57,102453
58,102456
59,102459
60,102468
61,102471
62,102472
63,102474
64,102475
65,102491
66,102498
67,102502
68,102507
69,102521
70,102534
71,102536
72,102581
73,102590
74,102598
75,102600
76,102604
77,102605
78,102608
79,102611
80,102616
81,102620
82,102622
83,102626
84,102634
85,102636
86,102643
87,102666
88,102672
89,102675
90,102677
91,102684
92,102685
93,102687
94,102688
95,102705
96,102706
97,102711
98,102719
99,102733
0,102208
1,102209
2,102213
3,102236
4,102239
5,102242
6,102245
7,102247
8,10225
9,102261
10,102266
11,102267
12,102274
13,102290
14,102294
15,102295
16,102298
17,102303
18,102308
19,102309
20,102310
21,102351
22,102364
23,102370
24,102374
25,10239
26,102399
27,10240
28,102404
29,102406
30,102407
31,10241
32,102411
33,102412
34,102415
35,102418
36,102420
37,102426
38,102428
39,102433
40,102434
41,102439
42,10244
43,102440
44,102444
45,102445
46,102450
47,102453
48,102456
49,102459
50,102468
51,102471
52,102472
53,102474
54,102475
55,102491
56,102498
57,102502
58,102507
59,102521
60,102534
61,102536
62,102581
63,102590
64,102598
65,102600
66,102604
67,102605
68,102608
69,102611
70,102616
71,102620
72,102622
73,102626
74,102634
75,102636
76,102643
77,102666
78,102672
79,102675
80,102677
81,102684
82,102685
83,102687
84,102688
85,102705
86,102706
87,102711
88,102719
89,102733
90,102735
91,102739
92,102740
93,102748
94,102750
95,102751
96,102752
97,102754
98,10276
99,102761
0,102266
1,102267
2,102274
3,102290
4,102294
5,102295
6,102298
7,102303
8,102308
9,102309
10,102310
11,102351
12,102364
13,102370
14,102374
15,10239
16,102399
17,10240
18,102404
19,102406
20,102407
21,10241
22,102411
23,102412
24,102415
25,102418
26,102420
27,102426
28,102428
29,102433
30,102434
31,102439
32,10244
33,102440
34,102444
35,102445
36,102450
37,102453
38,102456
39,102459
40,102468
41,102471
42,102472
43,102474
44,102475
45,102491
46,102498
47,102502
48,102507
49,102521
50,102534
51,102536
52,102581
53,102590
54,102598
55,102600
56,102604
57,102605
58,102608
59,102611
60,102616
61,102620
62,102622
63,102626
64,102634
65,102636
66,102643
67,102666
68,102672
69,102675
70,102677
71,102684
72,102685
73,102687
74,102688
75,102705
76,102706
77,102711
78,102719
79,102733
80,102735
81,102739
82,102740
83,102748
84,102750
85,102751
86,102752
87,102754
88,10276
89,102761
90,102768
91,102777
92,102778
93,102779
94,102781
95,102801
96,102826
97,102828
98,102829
99,102834
0,102310
1,102351
2,102364
3,102370
4,102374
5,10239
6,102399
7,10240
8,102404
9,102406
10,102407
11,10241
12,102411
13,102412
14,102415
15,102418
16,102420
17,102426
18,102428
19,102433
20,102434
21,102439
22,10244
23,102440
24,102444
25,102445
26,102450
27,102453
28,102456
29,102459
30,102468
31,102471
32,102472
33,102474
34,102475
35,102491
36,102498
37,102502
38,102507
39,102521
40,102534
41,102536
42,102581
43,102590
44,102598
45,102600
46,102604
47,102605
48,102608
49,102611
50,102616
51,102620
52,102622
53,102626
54,102634
55,102636
56,102643
57,102666
58,102672
59,102675
60,102677
61,102684
62,102685
63,102687
64,102688
65,102705
66,102706
67,102711
68,102719
69,102733
70,102735
71,102739
72,102740
73,102748
74,102750
75,102751
76,102752
77,102754
78,10276
79,102761
80,102768
81,102777
82,102778
83,102779
84,102781
85,102801
86,102826
87,102828
88,102829
89,102834
90,102838
91,102840
92,102841
93,102842
94,102843
95,102851
96,102852
97,102861
98,102867
99,102868
0,102407
1,10241
2,102411
3,102412
4,102415
5,102418
6,102420
7,102426
8,102428
9,102433
10,102434
11,102439
12,10244
13,102440
14,102444
15,102445
16,102450
17,102453
18,102456
19,102459
20,102468
21,102471
22,102472
23,102474
24,102475
25,102491
26,102498
27,102502
28,102507
29,102521
30,102534
31,102536
32,102581
33,102590
34,102598
35,102600
36,102604
37,102605
38,102608
39,102611
40,102616
41,102620
42,102622
43,102626
44,102634
45,102636
46,102643
47,102666
48,102672
49,102675
50,102677
51,102684
52,102685
53,102687
54,102688
55,102705
56,102706
57,102711
58,102719
59,102733
60,102735
61,102739
62,102740
63,102748
64,102750
65,102751
66,102752
67,102754
68,10276
69,102761
70,102768
71,102777
72,102778
73,102779
74,102781
75,102801
76,102826
77,102828
78,102829
79,102834
80,102838
81,102840
82,102841
83,102842
84,102843
85,102851
86,102852
87,102861
88,102867
89,102868
90,102874
91,102883
92,102886
93,102892
94,102899
95,102900
96,102903
97,102914
98,102917
99,102920
