,adjusted_current_price,current_tick,tick_lower,tick_upper,adjusted_amount0,token0,adjusted_amount1,token1
10001,0.0006423128110389168,202816,193200,194400,0.0,USDC,0.0009999999999984537,WETH
100018,0.0006440493120265812,202843,199140,199360,0.0,USDC,0.0,WETH
100030,0.0006453386350788554,202863,197640,199800,0.0,USDC,0.0,WETH
100033,0.0006453386350788554,202863,197880,201120,0.0,USDC,0.0,WETH
100046,0.0006453386350788554,202863,197640,199800,0.0,USDC,0.0,WETH
100055,0.0006440493120265812,202843,198390,198690,0.0,USDC,0.0,WETH
100059,0.0006440493120265812,202843,197690,198910,0.0,USDC,0.0,WETH
100069,0.0006453386350788554,202863,198720,200160,0.0,USDC,0.0,WETH
100088,0.0006453386350788554,202863,198720,199320,0.0,USDC,0.0,WETH
100092,0.0006453386350788554,202863,198060,199380,0.0,USDC,0.0,WETH
100093,0.0006440493120265812,202843,195660,200310,0.0,USDC,0.0,WETH
100096,0.0006453386350788554,202863,198060,199440,0.0,USDC,0.0,WETH
100102,0.0006440493120265812,202843,198350,199090,0.0,USDC,0.0,WETH
100108,0.0006453386350788554,202863,191520,205020,0.0,USDC,0.0,WETH
100123,0.0006440493120265812,202843,198470,199030,0.0,USDC,0.0,WETH
100144,0.0006453386350788554,202863,197340,198960,0.0,USDC,0.0,WETH
100146,0.0006453386350788554,202863,191820,205680,0.0,USDC,0.0,WETH
100153,0.0006453386350788554,202863,196260,198720,0.0,USDC,0.0,WETH
100159,0.0006453386350788554,202863,197340,199380,0.0,USDC,0.0,WETH
100161,0.0006453386350788554,202863,190200,209760,0.0,USDC,0.0,WETH
100163,0.0006453386350788554,202863,191760,205620,0.0,USDC,0.0,WETH
100169,0.0006453386350788554,202863,198720,199200,0.0,USDC,0.0,WETH
100170,0.0006453386350788554,202863,191820,205680,0.0,USDC,0.0,WETH
100175,0.0006453386350788554,202863,198600,198780,0.0,USDC,0.0,WETH
100191,0.0006453386350788554,202863,191160,206160,0.0,USDC,0.0,WETH
100205,0.0006453386350788554,202863,196620,201480,0.0,USDC,0.0,WETH
100207,0.0006453386350788554,202863,170340,211500,0.0,USDC,0.0,WETH
100209,0.0006453386350788554,202863,191820,205680,3.638951888644819,USDC,0.007587426200413056,WETH
100211,0.0006453386350788554,202863,197280,198480,0.0,USDC,0.0,WETH
100218,0.0006453386350788554,202863,198420,199020,0.0,USDC,0.0,WETH
100220,0.0006453386350788554,202863,198360,200760,0.0,USDC,0.0,WETH
100227,0.0006440493120265812,202843,198740,198760,0.0,USDC,0.0,WETH
10023,0.0006453386350788554,202863,138180,207240,3.0590063397934038,USDC,0.009650720219505363,WETH
100233,0.0006453386350788554,202863,193860,204420,0.0,USDC,0.0,WETH
100238,0.0006453386350788554,202863,191820,205680,0.0,USDC,0.0,WETH
100251,0.0006453386350788554,202863,195000,202560,0.0,USDC,0.0,WETH
100258,0.0006453386350788554,202863,191820,205680,18.194197709510828,USDC,0.03793595975462258,WETH
100263,0.0006440493120265812,202843,198710,198720,0.0,USDC,0.0,WETH
100268,0.0006453386350788554,202863,197280,200040,0.0,USDC,0.0,WETH
100271,0.0006423128110389168,202816,196000,201200,0.0,USDC,0.0,WETH
100280,0.0006440493120265812,202843,196770,200560,0.0,USDC,0.0,WETH
10029,0.0006453386350788554,202863,194160,195300,0.0,USDC,0.0,WETH
100294,0.0006453386350788554,202863,191700,199200,0.0,USDC,0.0,WETH
100297,0.0006440493120265812,202843,198610,198620,0.0,USDC,0.0,WETH
100305,0.0006453386350788554,202863,193620,203040,0.0,USDC,0.0,WETH
100307,0.0006440493120265812,202843,198550,198560,0.0,USDC,0.0,WETH
100311,0.0006440493120265812,202843,198250,198480,0.0,USDC,0.0,WETH
100313,0.0006453386350788554,202863,191580,205440,0.0,USDC,0.0,WETH
100321,0.0006440493120265812,202843,198440,198460,0.0,USDC,0.015213468155653971,WETH
100322,0.0006453386350788554,202863,193980,202860,0.0,USDC,0.0,WETH
100325,0.0006440493120265812,202843,197110,200060,0.0,USDC,0.0,WETH
100327,0.0006453386350788554,202863,198420,198480,0.0,USDC,0.0,WETH
100330,0.0006440493120265812,202843,198390,198400,0.0,USDC,0.0,WETH
100341,0.0006440493120265812,202843,197950,198770,0.0,USDC,0.0,WETH
100346,0.0006440493120265812,202843,196260,200310,0.0,USDC,0.0,WETH
100349,0.0006440493120265812,202843,196630,200100,0.0,USDC,0.0,WETH
100352,0.0006423128110389168,202816,198200,198800,0.0,USDC,0.0,WETH
100358,0.0006440493120265812,202843,198240,198250,0.0,USDC,0.0,WETH
100368,0.0006440493120265812,202843,198270,198280,0.0,USDC,0.0,WETH
100372,0.0006453386350788554,202863,198000,198480,0.0,USDC,0.0,WETH
100373,0.0006440493120265812,202843,198340,198350,0.0,USDC,0.0,WETH
100376,0.0006453386350788554,202863,192060,201660,0.0,USDC,0.0,WETH
100378,0.0006453386350788554,202863,195300,202800,0.0,USDC,0.0,WETH
10038,0.0006453386350788554,202863,194400,194880,0.0,USDC,0.0,WETH
100382,0.0006440493120265812,202843,195550,201320,0.0,USDC,0.0,WETH
100389,0.0006453386350788554,202863,197760,199200,0.0,USDC,0.0,WETH
100392,0.0006453386350788554,202863,196200,199500,0.0,USDC,0.0,WETH
100395,0.0006440493120265812,202843,198200,198210,0.0,USDC,0.0,WETH
100403,0.0006453386350788554,202863,198360,198420,0.0,USDC,0.0,WETH
100404,0.0006453386350788554,202863,197400,199320,0.0,USDC,0.0,WETH
100416,0.0006453386350788554,202863,196260,198900,0.0,USDC,0.0,WETH
100417,0.0006453386350788554,202863,198300,198360,0.0,USDC,0.0,WETH
100418,0.0006440493120265812,202843,198320,198370,0.0,USDC,0.0,WETH
100419,0.0006453386350788554,202863,192060,204960,0.0,USDC,0.0,WETH
10042,0.0006423128110389168,202816,194400,194800,0.0,USDC,0.000877095195311404,WETH
100421,0.0006453386350788554,202863,191340,205200,0.0,USDC,0.0,WETH
100424,0.0006440493120265812,202843,197540,198720,0.0,USDC,0.0,WETH
100430,0.0006453386350788554,202863,197520,199200,0.0,USDC,0.0,WETH
100432,0.0006440493120265812,202843,198320,198340,0.0,USDC,0.023243373537924154,WETH
100442,0.0006453386350788554,202863,197520,198960,0.0,USDC,0.0,WETH
100446,0.0006440493120265812,202843,198190,198230,0.0,USDC,0.017095523586178486,WETH
100449,0.0006440493120265812,202843,197870,198760,0.0,USDC,0.023193132990532692,WETH
100450,0.0006453386350788554,202863,198300,198360,0.0,USDC,0.0,WETH
100459,0.0006453386350788554,202863,198300,199080,0.0,USDC,0.0,WETH
100461,0.0006453386350788554,202863,198240,198300,0.0,USDC,0.0,WETH
100462,0.0006440493120265812,202843,195720,199470,0.0,USDC,0.0,WETH
100468,0.0006440493120265812,202843,197870,198760,0.0,USDC,0.02236485704558317,WETH
100469,0.0006440493120265812,202843,198160,198940,0.0,USDC,0.0,WETH
100473,0.0006440493120265812,202843,197870,198760,0.0,USDC,0.02359819255627441,WETH
100489,0.0006453386350788554,202863,196920,199380,0.0,USDC,0.0,WETH
10049,0.0006423128110389168,202816,194400,194800,0.0,USDC,0.0,WETH
100493,0.0006440493120265812,202843,198250,198300,0.0,USDC,0.0,WETH
100501,0.0006453386350788554,202863,193200,200340,0.0,USDC,0.06275160739184515,WETH
100523,0.0006453386350788554,202863,191340,205200,0.0,USDC,0.0,WETH
100526,0.0006453386350788554,202863,191520,201000,0.0,USDC,0.0,WETH
100528,0.0006453386350788554,202863,198300,201180,0.0,USDC,0.0,WETH
100530,0.0006423128110389168,202816,195800,198600,0.0,USDC,0.0,WETH
100537,0.0006453386350788554,202863,194220,205200,0.0,USDC,0.0,WETH
100544,0.0006453386350788554,202863,197820,198720,0.0,USDC,0.0,WETH
100548,0.0006453386350788554,202863,197820,198720,0.0,USDC,0.0,WETH
100556,0.0006440493120265812,202843,198220,199660,0.0,USDC,0.0,WETH
100557,0.0006453386350788554,202863,191280,205140,0.0,USDC,0.0,WETH
100560,0.0006453386350788554,202863,191280,205140,0.0,USDC,0.0,WETH
100563,0.0006453386350788554,202863,196080,200340,0.0,USDC,0.0,WETH
100565,0.0006440493120265812,202843,198230,198410,0.0,USDC,0.0,WETH
100570,0.0006453386350788554,202863,196560,200340,0.0,USDC,0.0,WETH
100571,0.0006440493120265812,202843,194390,198330,0.0,USDC,0.0,WETH
100577,0.0006453386350788554,202863,196380,200340,0.0,USDC,0.0,WETH
100582,0.0006453386350788554,202863,193380,200100,0.0,USDC,0.0,WETH
100587,0.0006453386350788554,202863,196920,200280,0.0,USDC,0.0,WETH
100591,0.0006453386350788554,202863,193560,200880,0.0,USDC,0.0,WETH
100595,0.0006453386350788554,202863,196800,199620,0.0,USDC,0.0,WETH
100597,0.0006440493120265812,202843,196260,200310,0.0,USDC,0.0,WETH
100602,0.0006453386350788554,202863,191280,205140,0.0,USDC,0.0,WETH
100604,0.0006440493120265812,202843,191350,205330,0.0,USDC,0.0,WETH
100609,0.0006440493120265812,202843,198290,198580,0.0,USDC,0.0,WETH
100615,0.0006423128110389168,202816,196200,198200,0.0,USDC,0.0,WETH
100616,0.0006440493120265812,202843,196730,198740,0.0,USDC,0.0,WETH
100620,0.0006440493120265812,202843,197680,199360,0.0,USDC,0.0,WETH
100622,0.0006440493120265812,202843,198240,198500,0.0,USDC,0.0,WETH
100623,0.0006453386350788554,202863,191160,200580,0.0,USDC,0.0,WETH
100638,0.0006453386350788554,202863,197640,198960,0.0,USDC,0.0,WETH
100639,0.0006453386350788554,202863,196200,200040,0.0,USDC,0.0,WETH
100640,0.0006453386350788554,202863,197280,199380,0.0,USDC,0.032251777798958645,WETH
100641,0.0006453386350788554,202863,196200,200040,0.0,USDC,0.0,WETH
100646,0.0006440493120265812,202843,196250,200310,0.0,USDC,0.0,WETH
100647,0.0006453386350788554,202863,198300,198540,0.0,USDC,0.0,WETH
100648,0.0006453386350788554,202863,197640,198480,0.0,USDC,0.0,WETH
100649,0.0006440493120265812,202843,197690,198910,0.0,USDC,0.0,WETH
100651,0.0006453386350788554,202863,196620,201360,0.0,USDC,0.0,WETH
100674,0.0006453386350788554,202863,192300,199560,0.0,USDC,0.0,WETH
100680,0.0006453386350788554,202863,198300,198360,0.0,USDC,0.0,WETH
100684,0.0006453386350788554,202863,189840,208200,43.6643357428816,USDC,0.05759229498559988,WETH
100688,0.0006440493120265812,202843,198210,198320,0.0,USDC,0.0,WETH
100703,0.0006453386350788554,202863,196800,200640,0.0,USDC,0.0,WETH
100711,0.0006440493120265812,202843,195460,198400,0.0,USDC,0.0,WETH
100714,0.0006453386350788554,202863,198300,198360,0.0,USDC,0.0,WETH
100720,0.0006453386350788554,202863,198300,199140,0.0,USDC,0.0,WETH
100725,0.0006453386350788554,202863,194580,201120,0.0,USDC,0.0,WETH
100726,0.0006440493120265812,202843,198080,199130,0.0,USDC,0.0,WETH
100728,0.0006440493120265812,202843,198310,198320,0.0,USDC,0.0,WETH
100734,0.0006453386350788554,202863,190980,202920,0.0,USDC,0.0,WETH
10074,0.0006440493120265812,202843,194430,194710,0.0,USDC,0.045671855106921226,WETH
100740,0.0006453386350788554,202863,191400,205260,0.0,USDC,0.0,WETH
100742,0.0006453386350788554,202863,196620,198300,0.0,USDC,0.0,WETH
100745,0.0006453386350788554,202863,198360,199680,0.0,USDC,0.0,WETH
100747,0.0006453386350788554,202863,198300,199320,0.0,USDC,0.0,WETH
100752,0.0006440493120265812,202843,197810,199470,0.0,USDC,0.0,WETH
100758,0.0006453386350788554,202863,194640,201240,0.0,USDC,0.0,WETH
100787,0.0006453386350788554,202863,194460,202020,0.0,USDC,0.0,WETH
100799,0.0006440493120265812,202843,196250,199370,0.0,USDC,0.0,WETH
100801,0.0006453386350788554,202863,196440,200100,0.0,USDC,0.0,WETH
100809,0.0006453386350788554,202863,191280,205200,0.0,USDC,0.0,WETH
100818,0.0006440493120265812,202843,197300,198490,0.0,USDC,0.0,WETH
10083,0.0006440493120265812,202843,189490,199820,0.0,USDC,0.0,WETH
100831,0.0006453386350788554,202863,197700,198780,0.0,USDC,0.0,WETH
100851,0.0006440493120265812,202843,198240,198360,0.0,USDC,0.0,WETH
100852,0.0006453386350788554,202863,197580,198240,0.0,USDC,0.0,WETH
100859,0.0006453386350788554,202863,191340,205200,4.177194787227574,USDC,0.010710587602998952,WETH
100867,0.0006453386350788554,202863,192120,204420,0.0,USDC,0.0,WETH
10091,0.0006453386350788554,202863,194580,194700,0.0,USDC,0.0,WETH
100916,0.0006453386350788554,202863,196740,198960,0.0,USDC,0.0,WETH
100919,0.0006453386350788554,202863,191280,205140,0.0,USDC,0.0,WETH
100920,0.0006453386350788554,202863,198540,202620,0.0,USDC,0.0,WETH
100922,0.0006453386350788554,202863,196920,199800,0.0,USDC,0.0,WETH
100930,0.0006453386350788554,202863,191280,205140,2.5428260026198086,USDC,0.006707685555335036,WETH
100931,0.0006440493120265812,202843,198280,200310,0.0,USDC,0.0,WETH
100946,0.0006440493120265812,202843,197190,199280,0.0,USDC,0.0,WETH
100955,0.0006440493120265812,202843,196240,200320,0.0,USDC,0.0,WETH
100960,0.0006453386350788554,202863,195120,201360,0.0,USDC,0.0,WETH
100963,0.0006453386350788554,202863,352320,354360,0.0,USDC,0.0,WETH
100977,0.0006453386350788554,202863,194700,201960,0.0,USDC,0.0,WETH
101016,0.0006440493120265812,202843,195970,199380,0.0,USDC,0.0,WETH
101035,0.0006453386350788554,202863,197160,199200,0.0,USDC,0.0,WETH
101037,0.0006453386350788554,202863,196200,200340,0.0,USDC,0.0,WETH
101044,0.0006440493120265812,202843,194710,199820,0.0,USDC,0.0,WETH
101047,0.0006453386350788554,202863,196260,200100,0.0,USDC,0.0,WETH
101053,0.0006453386350788554,202863,191340,204780,0.0,USDC,0.0,WETH
101057,0.0006440493120265812,202843,197920,198510,0.0,USDC,0.0,WETH
101060,0.0006453386350788554,202863,196260,200340,0.0,USDC,0.0,WETH
101074,0.0006453386350788554,202863,189300,205200,10.50936635579817,USDC,0.03029997087384695,WETH
101078,0.0006453386350788554,202863,191340,205200,0.0,USDC,0.0,WETH
101082,0.0006453386350788554,202863,197460,200340,0.0,USDC,0.0,WETH
101087,0.0006453386350788554,202863,196860,199380,0.0,USDC,0.0,WETH
101090,0.0006453386350788554,202863,198060,200340,0.0,USDC,0.0,WETH
10110,0.0006453386350788554,202863,194640,194700,0.0,USDC,0.0,WETH
101104,0.0006453386350788554,202863,191100,205860,0.0,USDC,0.0,WETH
101105,0.0006453386350788554,202863,197880,201660,0.0,USDC,0.0,WETH
101115,0.0006453386350788554,202863,198240,198300,0.0,USDC,0.0,WETH
101138,0.0006453386350788554,202863,196620,199140,0.0,USDC,0.0,WETH
101142,0.0006453386350788554,202863,196920,199560,0.0,USDC,0.0,WETH
101147,0.0006453386350788554,202863,193380,196260,0.0,USDC,0.0,WETH
101149,0.0006453386350788554,202863,198240,198300,0.0,USDC,0.0,WETH
101154,0.0006453386350788554,202863,198000,198600,0.0,USDC,0.0,WETH
101155,0.0006453386350788554,202863,191280,205260,0.0,USDC,0.0,WETH
101165,0.0006440493120265812,202843,198080,198480,0.0,USDC,0.0,WETH
101166,0.0006440493120265812,202843,198270,198290,0.0,USDC,0.0,WETH
101168,0.0006453386350788554,202863,198300,199860,0.0,USDC,0.0,WETH
101172,0.0006440493120265812,202843,198250,198290,0.0,USDC,0.0,WETH
101179,0.0006440493120265812,202843,198050,198410,0.0,USDC,0.0,WETH
101196,0.0006453386350788554,202863,198060,198420,0.0,USDC,0.0,WETH
101197,0.0006453386350788554,202863,198120,198660,0.0,USDC,0.0,WETH
1012,0.0006453386350788554,202863,193320,196980,0.0,USDC,0.0,WETH
101225,0.0006453386350788554,202863,198120,198180,0.0,USDC,0.0,WETH
101226,0.0006440493120265812,202843,198120,198130,0.0,USDC,0.0,WETH
101227,0.0006453386350788554,202863,197760,199020,0.0,USDC,0.0,WETH
101233,0.0006440493120265812,202843,197760,199020,0.0,USDC,0.0,WETH
101234,0.0006440493120265812,202843,194720,202870,0.0,USDC,0.0,WETH
101235,0.0006453386350788554,202863,197280,198840,0.0,USDC,0.0,WETH
101237,0.0006453386350788554,202863,197820,198360,0.0,USDC,0.0,WETH
101238,0.0006440493120265812,202843,197830,198280,0.0,USDC,0.0,WETH
101240,0.0006453386350788554,202863,194400,199800,0.0,USDC,0.0,WETH
101244,0.0006440493120265812,202843,198050,198060,0.0,USDC,0.0,WETH
101245,0.0006453386350788554,202863,198000,198060,0.0,USDC,0.0,WETH
101252,0.0006453386350788554,202863,191100,205440,0.0,USDC,0.0,WETH
101256,0.0006440493120265812,202843,197980,198000,0.0,USDC,0.0,WETH
101260,0.0006453386350788554,202863,196500,199380,0.0,USDC,0.0,WETH
101262,0.0006453386350788554,202863,197640,198960,0.0,USDC,0.11722537679048127,WETH
101269,0.0006453386350788554,202863,198000,198720,0.0,USDC,0.0,WETH
101276,0.0006440493120265812,202843,197960,197970,0.0,USDC,0.0,WETH
101277,0.0006453386350788554,202863,196920,199380,0.0,USDC,0.0,WETH
101278,0.0006453386350788554,202863,198000,198240,0.0,USDC,0.0,WETH
101281,0.0006440493120265812,202843,197950,197960,0.0,USDC,0.0,WETH
101282,0.0006453386350788554,202863,193320,201960,0.0,USDC,0.0,WETH
101285,0.0006440493120265812,202843,197920,197960,0.0,USDC,0.0,WETH
101290,0.0006453386350788554,202863,198000,198960,0.0,USDC,0.0,WETH
101293,0.0006440493120265812,202843,197960,198490,0.0,USDC,0.0,WETH
101295,0.0006440493120265812,202843,196260,199820,0.0,USDC,0.0,WETH
101296,0.0006440493120265812,202843,197870,197880,0.0,USDC,0.0,WETH
101303,0.0006453386350788554,202863,197100,198600,0.0,USDC,0.0,WETH
101307,0.0006453386350788554,202863,196680,197940,0.0,USDC,0.0,WETH
101308,0.0006440493120265812,202843,196260,199820,0.0,USDC,0.0,WETH
101316,0.0006453386350788554,202863,197520,198240,0.0,USDC,0.0,WETH
101317,0.0006453386350788554,202863,197940,198000,0.0,USDC,0.0,WETH
101318,0.0006440493120265812,202843,197930,197940,0.0,USDC,0.0,WETH
101321,0.0006440493120265812,202843,197000,201370,0.0,USDC,0.0,WETH
101323,0.0006453386350788554,202863,196740,198480,0.0,USDC,0.0,WETH
101324,0.0006453386350788554,202863,197280,199020,0.0,USDC,0.0,WETH
101327,0.0006453386350788554,202863,197460,198420,0.0,USDC,0.0,WETH
101328,0.0006440493120265812,202843,195980,197930,0.0,USDC,0.0,WETH
101335,0.0006453386350788554,202863,197100,198900,0.0,USDC,0.0,WETH
101337,0.0006453386350788554,202863,195720,201900,0.0,USDC,0.0,WETH
101341,0.0006453386350788554,202863,190980,204840,0.0,USDC,0.0,WETH
101343,0.0006453386350788554,202863,197340,198420,0.0,USDC,0.0,WETH
101346,0.0006440493120265812,202843,197900,197910,0.0,USDC,0.0,WETH
101350,0.0006453386350788554,202863,191340,200940,0.0,USDC,0.0,WETH
101351,0.0006453386350788554,202863,197940,198240,0.0,USDC,0.0,WETH
101352,0.0006453386350788554,202863,195480,196860,0.0,USDC,0.0,WETH
101353,0.0006440493120265812,202843,197920,198080,0.0,USDC,0.0,WETH
101358,0.0006453386350788554,202863,195180,200100,0.0,USDC,0.0,WETH
101359,0.0006453386350788554,202863,197160,199800,0.0,USDC,0.0,WETH
10136,0.0006453386350788554,202863,191760,197520,0.0,USDC,0.0,WETH
101368,0.0006440493120265812,202843,197900,198080,0.0,USDC,0.0,WETH
10137,0.0006453386350788554,202863,191160,193380,0.0,USDC,0.0009999999999976926,WETH
101370,0.0006440493120265812,202843,196630,201310,0.0,USDC,0.0,WETH
101380,0.0006453386350788554,202863,197340,198900,0.0,USDC,0.0,WETH
101383,0.0006440493120265812,202843,192540,201310,0.0,USDC,0.0,WETH
101386,0.0006440493120265812,202843,197890,199590,0.0,USDC,0.0,WETH
101393,0.0006440493120265812,202843,197010,197930,0.0,USDC,0.0,WETH
101394,0.0006440493120265812,202843,196040,197240,0.0,USDC,0.0,WETH
101399,0.0006453386350788554,202863,196740,201660,0.0,USDC,0.0,WETH
10140,0.0006453386350788554,202863,190440,198060,0.0,USDC,0.0,WETH
101400,0.0006453386350788554,202863,196920,199380,0.0,USDC,0.0,WETH
101403,0.0006453386350788554,202863,197340,197940,0.0,USDC,0.0,WETH
10141,0.0006453386350788554,202863,184200,276300,1.3133276756007033,USDC,0.0005276592260430024,WETH
101421,0.0006453386350788554,202863,191940,202740,0.0,USDC,0.0,WETH
101422,0.0006453386350788554,202863,197220,198600,0.0,USDC,0.0,WETH
101423,0.0006453386350788554,202863,191100,207660,0.0,USDC,0.0,WETH
101424,0.0006440493120265812,202843,195810,199150,0.0,USDC,0.0,WETH
101425,0.0006440493120265812,202843,197440,198500,0.0,USDC,0.0,WETH
101432,0.0006453386350788554,202863,196920,199380,0.0,USDC,0.0,WETH
101436,0.0006440493120265812,202843,195720,198600,0.0,USDC,0.0,WETH
101437,0.0006440493120265812,202843,197440,198500,0.0,USDC,0.0,WETH
101439,0.0006440493120265812,202843,197840,198050,0.0,USDC,0.0,WETH
101442,0.0006440493120265812,202843,197830,197940,0.0,USDC,0.0,WETH
101445,0.0006440493120265812,202843,197300,198280,0.0,USDC,0.0,WETH
101447,0.0006453386350788554,202863,197400,198180,0.0,USDC,0.0,WETH
101448,0.0006453386350788554,202863,196680,199080,0.0,USDC,0.0,WETH
101449,0.0006453386350788554,202863,197820,197880,0.0,USDC,0.0,WETH
101451,0.0006453386350788554,202863,194520,200880,0.0,USDC,0.0,WETH
101459,0.0006453386350788554,202863,195720,199680,0.0,USDC,0.0,WETH
101461,0.0006453386350788554,202863,197160,198480,0.0,USDC,0.0,WETH
101463,0.0006453386350788554,202863,195000,198900,0.0,USDC,0.0,WETH
101464,0.0006453386350788554,202863,197100,198300,0.0,USDC,0.0,WETH
101476,0.0006441781283294796,202845,197440,199150,0.0,USDC,0.0,WETH
10148,0.0006453386350788554,202863,194520,195300,0.0,USDC,0.01030123911974896,WETH
101485,0.0006441781283294796,202845,197800,197810,0.0,USDC,0.0,WETH
101486,0.0006453386350788554,202863,192120,202620,0.0,USDC,0.0,WETH
101488,0.0006453386350788554,202863,197160,198480,0.0,USDC,0.0,WETH
101489,0.0006441781283294796,202845,197640,198020,0.0,USDC,0.0,WETH
101494,0.0006443714010939664,202848,197500,198070,0.0,USDC,0.0,WETH
101496,0.0006423128110389168,202816,175000,203200,0.0,USDC,0.0,WETH
101497,0.0006453386350788554,202863,196920,198480,0.0,USDC,0.0,WETH
101508,0.0006453386350788554,202863,197400,199080,0.0,USDC,0.0,WETH
101513,0.0006453386350788554,202863,193020,203280,0.0,USDC,0.0,WETH
101515,0.0006453386350788554,202863,197160,198360,0.0,USDC,0.0,WETH
101516,0.0006443714010939664,202848,195980,199930,0.0,USDC,0.0,WETH
101518,0.0006453386350788554,202863,197280,197760,0.0,USDC,0.0,WETH
101526,0.0006443714010939664,202848,196870,197990,0.0,USDC,0.0,WETH
101536,0.0006453386350788554,202863,196620,198900,0.0,USDC,0.0,WETH
101538,0.0006453386350788554,202863,196260,198060,0.0,USDC,0.0,WETH
101544,0.0006453386350788554,202863,193200,200220,0.0,USDC,0.0,WETH
101546,0.0006443714010939664,202848,197270,198200,0.0,USDC,0.0,WETH
101549,0.0006453386350788554,202863,197040,198480,0.0,USDC,0.0,WETH
101551,0.0006443714010939664,202848,196900,199760,0.0,USDC,0.0,WETH
101555,0.0006453386350788554,202863,195840,199860,0.0,USDC,0.0,WETH
101559,0.0006443714010939664,202848,197620,197920,0.0,USDC,0.0,WETH
101560,0.0006453386350788554,202863,197640,198420,0.0,USDC,0.0,WETH
101564,0.0006453386350788554,202863,197160,201060,0.0,USDC,0.0,WETH
101565,0.0006443714010939664,202848,195930,198910,0.0,USDC,0.0,WETH
101567,0.0006443714010939664,202848,197470,197820,0.0,USDC,0.0,WETH
101572,0.0006443714010939664,202848,196950,198080,0.0,USDC,0.0,WETH
101582,0.0006443714010939664,202848,196960,198600,0.0,USDC,0.0,WETH
101583,0.0006453386350788554,202863,197580,199080,0.0,USDC,0.0,WETH
101585,0.0006453386350788554,202863,195540,198420,0.0,USDC,0.0,WETH
101587,0.0006443714010939664,202848,197040,198130,0.0,USDC,0.0,WETH
101596,0.0006443714010939664,202848,197560,197570,0.0,USDC,0.0,WETH
101597,0.0006443714010939664,202848,197050,198090,0.0,USDC,0.0,WETH
101601,0.0006453386350788554,202863,196200,200820,0.0,USDC,0.0,WETH
101603,0.0006453386350788554,202863,196980,198180,0.0,USDC,0.0,WETH
101612,0.0006453386350788554,202863,197700,198060,0.0,USDC,0.0,WETH
101615,0.0006443714010939664,202848,196900,198470,0.0,USDC,0.0,WETH
101618,0.0006453386350788554,202863,194700,200340,0.0,USDC,0.0,WETH
101620,0.0006453386350788554,202863,197640,198180,0.0,USDC,0.0,WETH
101624,0.0006453386350788554,202863,197400,199620,0.0,USDC,0.0,WETH
101625,0.0006453386350788554,202863,190740,199980,0.0,USDC,0.0,WETH
10163,0.0006453386350788554,202863,180900,204840,0.0,USDC,0.0,WETH
101630,0.0006443714010939664,202848,197650,198080,0.0,USDC,0.0,WETH
101631,0.0006443714010939664,202848,196430,198830,0.0,USDC,0.0,WETH
101632,0.0006453386350788554,202863,197520,198900,0.0,USDC,0.0,WETH
101635,0.0006443069703969267,202847,196460,198290,0.0,USDC,0.0,WETH
101637,0.0006453386350788554,202863,196620,198480,0.0,USDC,0.0,WETH
101644,0.0006443069703969267,202847,197590,201090,0.0,USDC,0.0,WETH
101653,0.0006453386350788554,202863,197700,198480,0.0,USDC,0.0,WETH
101659,0.0006443069703969267,202847,195950,199430,0.0,USDC,0.0,WETH
101666,0.0006453386350788554,202863,196200,200280,0.0,USDC,0.0,WETH
101667,0.0006453386350788554,202863,195480,200580,0.0,USDC,0.0,WETH
101678,0.0006453386350788554,202863,197100,198480,0.0,USDC,0.0,WETH
101681,0.0006453386350788554,202863,197640,197700,0.0,USDC,0.0,WETH
101683,0.0006446291883192656,202852,196590,198570,0.0,USDC,0.0,WETH
101686,0.0006446291883192656,202852,196640,197890,0.0,USDC,0.0,WETH
101699,0.0006453386350788554,202863,197160,198240,0.0,USDC,0.0,WETH
101700,0.0006453386350788554,202863,196920,198480,0.0,USDC,0.0,WETH
101709,0.0006446291883192656,202852,196660,198160,0.0,USDC,0.0,WETH
101718,0.0006453386350788554,202863,196620,199380,0.0,USDC,0.0,WETH
101721,0.0006453386350788554,202863,192240,202560,0.0,USDC,0.0,WETH
101722,0.0006453386350788554,202863,196380,199440,0.0,USDC,0.0,WETH
101726,0.0006453386350788554,202863,190740,198180,0.0,USDC,0.0,WETH
101727,0.0006453386350788554,202863,196620,199560,0.0,USDC,0.0,WETH
101731,0.0006446291883192656,202852,196250,199540,0.0,USDC,0.0,WETH
101735,0.0006446291883192656,202852,197710,197720,0.0,USDC,0.0,WETH
101736,0.0006453386350788554,202863,197280,197880,0.0,USDC,0.6795383649454106,WETH
101739,0.0006423128110389168,202816,196200,200200,0.0,USDC,0.19040921739512243,WETH
101749,0.0006453386350788554,202863,193380,201360,0.0,USDC,0.0,WETH
101754,0.0006453386350788554,202863,196020,198480,0.0,USDC,0.0,WETH
101757,0.0006446291883192656,202852,197290,200820,0.0,USDC,0.0,WETH
101763,0.0006453386350788554,202863,194880,197400,0.0,USDC,0.0,WETH
101764,0.0006446291883192656,202852,197210,198610,0.0,USDC,0.0,WETH
101768,0.0006453386350788554,202863,197220,198120,0.0,USDC,0.0,WETH
101785,0.0006453386350788554,202863,197220,198240,0.0,USDC,0.0,WETH
101788,0.0006453386350788554,202863,195000,198480,0.0,USDC,0.0,WETH
101793,0.0006453386350788554,202863,190740,204660,0.0,USDC,0.0,WETH
101799,0.0006453386350788554,202863,196500,199620,0.0,USDC,0.0,WETH
101802,0.0006453386350788554,202863,197400,198840,0.0,USDC,0.0,WETH
101803,0.0006453386350788554,202863,190740,204660,0.0,USDC,0.0,WETH
101807,0.0006446936512380975,202853,197300,198020,0.0,USDC,0.0,WETH
101811,0.0006453386350788554,202863,196500,197040,0.0,USDC,0.0,WETH
101816,0.0006446936512380975,202853,197630,197710,0.0,USDC,0.0,WETH
101824,0.0006446936512380975,202853,191100,203330,0.0,USDC,0.0,WETH
101827,0.0006423128110389168,202816,194200,200200,0.0,USDC,0.0,WETH
101834,0.0006453386350788554,202863,197280,198480,0.0,USDC,0.0,WETH
10184,0.0006453386350788554,202863,194580,194700,0.0,USDC,0.0,WETH
101840,0.0006446936512380975,202853,194540,205420,0.0,USDC,0.0,WETH
101843,0.0006453386350788554,202863,196440,198780,0.0,USDC,0.0,WETH
101851,0.0006453386350788554,202863,197700,199560,0.0,USDC,0.0,WETH
101862,0.0006453386350788554,202863,195900,197460,0.0,USDC,0.0,WETH
101868,0.0006446936512380975,202853,197670,197680,0.0,USDC,0.0,WETH
101881,0.0006446936512380975,202853,196990,198550,0.0,USDC,0.0,WETH
101887,0.0006446936512380975,202853,195810,199830,0.0,USDC,0.0,WETH
101888,0.0006446936512380975,202853,197750,197760,0.0,USDC,0.0,WETH
101890,0.0006453386350788554,202863,197820,200940,0.0,USDC,0.0,WETH
101891,0.0006453386350788554,202863,194940,197760,0.0,USDC,0.0,WETH
1019,0.0006453386350788554,202863,194160,195480,0.0,USDC,0.0,WETH
101902,0.0006453386350788554,202863,197700,200640,0.0,USDC,0.0,WETH
101908,0.0006453386350788554,202863,196860,199740,0.0,USDC,0.0,WETH
101909,0.0006446936512380975,202853,192200,201940,0.0,USDC,0.0,WETH
101916,0.0006446936512380975,202853,197670,197680,0.0,USDC,0.0,WETH
10192,0.0006446936512380975,202853,358040,358080,10.000000000018588,USDC,0.0,WETH
101923,0.0006453386350788554,202863,195420,203460,11.589624845845753,USDC,0.07916270648713179,WETH
101925,0.0006453386350788554,202863,192300,202860,0.0,USDC,0.0,WETH
101927,0.0006446291883192656,202852,197400,198200,0.0,USDC,0.0,WETH
101928,0.0006453386350788554,202863,196800,198480,0.0,USDC,0.0,WETH
101929,0.0006446291883192656,202852,197260,198090,0.0,USDC,0.0,WETH
10193,0.0006453386350788554,202863,191160,193380,0.0,USDC,0.019999999999975447,WETH
101940,0.0006453386350788554,202863,196920,198060,0.0,USDC,0.0,WETH
101941,0.0006453386350788554,202863,196740,199980,0.0,USDC,0.0,WETH
101946,0.0006453386350788554,202863,197220,198180,0.0,USDC,0.0,WETH
101948,0.0006446291883192656,202852,197670,197700,0.0,USDC,0.0,WETH
10195,0.0006453386350788554,202863,190080,197460,0.0,USDC,0.0,WETH
101955,0.0006453386350788554,202863,196800,200220,0.0,USDC,0.0,WETH
101959,0.0006453386350788554,202863,196620,197700,0.0,USDC,0.0,WETH
101964,0.0006446936512380975,202853,197350,197920,0.0,USDC,0.0,WETH
101971,0.0006453386350788554,202863,194760,202380,0.0,USDC,0.009400969382347172,WETH
101974,0.0006453386350788554,202863,196260,201360,0.0,USDC,0.0,WETH
101977,0.0006453386350788554,202863,196500,198960,0.0,USDC,0.0,WETH
101986,0.0006453386350788554,202863,193860,204660,0.0,USDC,0.0,WETH
101994,0.0006453386350788554,202863,192300,201780,0.0,USDC,0.0,WETH
101996,0.0006453386350788554,202863,197280,198480,0.0,USDC,0.0,WETH
102005,0.0006446936512380975,202853,197730,197740,0.0,USDC,0.0,WETH
102006,0.0006453386350788554,202863,196620,198900,0.0,USDC,0.0,WETH
10201,0.0006453386350788554,202863,161160,214200,0.0,USDC,0.0,WETH
102010,0.0006453386350788554,202863,193380,201360,0.0,USDC,0.0,WETH
102011,0.0006446936512380975,202853,196040,200060,0.0,USDC,0.0,WETH
102013,0.0006453386350788554,202863,193920,198720,0.0,USDC,0.0,WETH
102016,0.0006453386350788554,202863,190800,204660,4.639836373226565,USDC,0.015791699358729844,WETH
102026,0.0006453386350788554,202863,190800,205740,0.0,USDC,0.0,WETH
102031,0.0006453386350788554,202863,190800,205740,0.0,USDC,0.0,WETH
102035,0.0006446936512380975,202853,195150,200310,0.0,USDC,0.0,WETH
102036,0.0006453386350788554,202863,190800,205740,0.0,USDC,0.0,WETH
102041,0.0006453386350788554,202863,190980,205740,0.0,USDC,0.0,WETH
102042,0.0006453386350788554,202863,196140,201360,0.0,USDC,0.0,WETH
102050,0.0006446936512380975,202853,197620,197680,0.0,USDC,0.0,WETH
102057,0.0006446936512380975,202853,195610,199820,0.0,USDC,0.0,WETH
102061,0.0006453386350788554,202863,197160,198300,0.0,USDC,0.0,WETH
102067,0.0006453386350788554,202863,197760,198060,0.0,USDC,0.0,WETH
10207,0.0006453386350788554,202863,194520,194580,0.0,USDC,0.0004180771423457368,WETH
102082,0.0006453386350788554,202863,196920,198960,0.0,USDC,0.0,WETH
102083,0.0006446936512380975,202853,187310,201340,0.0,USDC,0.0,WETH
102089,0.0006453386350788554,202863,197340,198060,0.0,USDC,0.0,WETH
102090,0.0006453386350788554,202863,197700,197940,0.0,USDC,0.0,WETH
102091,0.0006453386350788554,202863,121860,276300,1989.1770245206048,USDC,1.294363691791543,WETH
102095,0.0006446936512380975,202853,198080,199360,0.0,USDC,0.0,WETH
102100,0.0006453386350788554,202863,197820,197880,0.0,USDC,0.0,WETH
102103,0.0006446936512380975,202853,197790,197820,0.0,USDC,0.0,WETH
102105,0.0006453386350788554,202863,197880,199560,0.0,USDC,0.0,WETH
102108,0.0006453386350788554,202863,195240,201420,0.0,USDC,0.0,WETH
102111,0.0006453386350788554,202863,190920,204780,0.0,USDC,0.0,WETH
102114,0.0006446936512380975,202853,197570,198060,0.0,USDC,0.0,WETH
102115,0.0006453386350788554,202863,190920,204780,0.0,USDC,0.0,WETH
102119,0.0006453386350788554,202863,193740,201120,0.0,USDC,0.0,WETH
102121,0.0006453386350788554,202863,196020,199200,0.0,USDC,0.0,WETH
102123,0.0006446936512380975,202853,196980,199400,0.0,USDC,0.0,WETH
102136,0.0006446936512380975,202853,197680,199360,0.0,USDC,0.0,WETH
102144,0.0006453386350788554,202863,197700,197760,0.0,USDC,0.0,WETH
102153,0.0006446936512380975,202853,195610,199730,0.0,USDC,0.0,WETH
102154,0.0006453386350788554,202863,196680,198840,0.0,USDC,0.0,WETH
102160,0.0006453386350788554,202863,197580,197640,0.0,USDC,0.0,WETH
102167,0.0006453386350788554,202863,197520,197580,0.0,USDC,0.0,WETH
102168,0.0006453386350788554,202863,196680,199620,0.0,USDC,0.0,WETH
102170,0.0006453386350788554,202863,197100,197820,0.0,USDC,0.0,WETH
102176,0.0006453386350788554,202863,196980,197760,0.0,USDC,0.0,WETH
102180,0.0006446936512380975,202853,197350,197660,0.0,USDC,0.0,WETH
102182,0.0006453386350788554,202863,197340,197400,0.0,USDC,0.0,WETH
102187,0.0006446936512380975,202853,197110,197690,0.0,USDC,0.0,WETH
102189,0.0006453386350788554,202863,197100,198900,0.0,USDC,0.0,WETH
102193,0.0006446936512380975,202853,196410,198430,0.0,USDC,0.0,WETH
102194,0.0006446936512380975,202853,196600,200410,0.0,USDC,0.0,WETH
10220,0.0006453386350788554,202863,191160,192180,0.0,USDC,0.0,WETH
102202,0.0006453386350788554,202863,197040,197760,0.0,USDC,0.0,WETH
102206,0.0006446936512380975,202853,197350,199490,0.0,USDC,0.0,WETH
102208,0.0006453386350788554,202863,195360,199620,0.0,USDC,0.0,WETH
102209,0.0006453386350788554,202863,194520,203220,0.0,USDC,0.0,WETH
102213,0.0006453386350788554,202863,196980,197760,0.0,USDC,0.0,WETH
102236,0.0006453386350788554,202863,195300,198900,0.0,USDC,0.0,WETH
102239,0.0006453386350788554,202863,197400,197460,0.0,USDC,0.0,WETH
102242,0.0006453386350788554,202863,190500,204420,38.95231632052601,USDC,0.1548543650578166,WETH
102245,0.0006453386350788554,202863,196560,197460,0.0,USDC,0.0,WETH
102247,0.0006453386350788554,202863,186780,414480,471.9973623150769,USDC,0.16832028453297868,WETH
10225,0.0006446936512380975,202853,194380,194730,0.0,USDC,0.0,WETH
102261,0.0006453386350788554,202863,196860,197640,0.0,USDC,0.0,WETH
102266,0.0006446936512380975,202853,196260,199360,0.0,USDC,0.0,WETH
102267,0.0006453386350788554,202863,181980,197640,0.0,USDC,0.0,WETH
102274,0.0006453386350788554,202863,197640,197700,0.0,USDC,0.0,WETH
102290,0.0006453386350788554,202863,197100,197880,0.0,USDC,0.0,WETH
102294,0.0006453386350788554,202863,197820,197880,0.0,USDC,0.0,WETH
102295,0.0006446936512380975,202853,197890,198080,0.0,USDC,0.0,WETH
102298,0.0006453386350788554,202863,197460,198300,0.0,USDC,0.0,WETH
102303,0.0006446936512380975,202853,195030,201630,0.0,USDC,0.0,WETH
102308,0.0006453386350788554,202863,198060,201360,0.0,USDC,0.0,WETH
102309,0.0006446936512380975,202853,197810,198030,0.0,USDC,0.0,WETH
102310,0.0006453386350788554,202863,195480,200340,0.0,USDC,0.0,WETH
102351,0.0006453386350788554,202863,197880,197940,0.0,USDC,0.0,WETH
102364,0.0006453386350788554,202863,196620,198900,0.0,USDC,0.0,WETH
102370,0.0006453386350788554,202863,196440,198720,0.0,USDC,0.0,WETH
102374,0.0006453386350788554,202863,197520,198360,0.0,USDC,0.0,WETH
10239,0.0006453386350788554,202863,194460,194580,0.0,USDC,0.0005870304997055678,WETH
102399,0.0006446291883192656,202852,197350,198450,0.0,USDC,0.0,WETH
10240,0.0006453386350788554,202863,193260,195000,0.0,USDC,0.0010140686748979352,WETH
102404,0.0006453386350788554,202863,196980,198540,0.0,USDC,0.0,WETH
102406,0.0006446291883192656,202852,197350,198450,0.0,USDC,0.0,WETH
102407,0.0006453386350788554,202863,196380,202440,0.0,USDC,0.0,WETH
10241,0.0006453386350788554,202863,193980,195120,0.0,USDC,0.0,WETH
102411,0.0006453386350788554,202863,190980,204840,0.0,USDC,0.0,WETH
102412,0.0006453386350788554,202863,191520,199980,0.0,USDC,0.0,WETH
102415,0.0006453386350788554,202863,196380,202500,0.0,USDC,0.0,WETH
102418,0.0006446291883192656,202852,195460,199140,0.0,USDC,0.0,WETH
102420,0.0006453386350788554,202863,196380,202440,0.0,USDC,0.0,WETH
102426,0.0006453386350788554,202863,190980,204840,0.0,USDC,0.0,WETH
102428,0.0006453386350788554,202863,196380,202440,0.0,USDC,0.0,WETH
102433,0.0006453386350788554,202863,196380,202440,0.0,USDC,0.0,WETH
102434,0.0006453386350788554,202863,196380,202500,0.0,USDC,0.0,WETH
102439,0.0006453386350788554,202863,196260,199860,0.0,USDC,0.0,WETH
10244,0.0006453386350788554,202863,187920,200340,0.0,USDC,0.0,WETH
102440,0.0006453386350788554,202863,196380,202440,0.0,USDC,0.0,WETH
102444,0.0006453386350788554,202863,196380,202440,0.0,USDC,0.0,WETH
102445,0.0006453386350788554,202863,196920,199320,0.0,USDC,0.0,WETH
102450,0.0006453386350788554,202863,190920,204780,0.0,USDC,0.0,WETH
102453,0.0006453386350788554,202863,196380,202500,0.0,USDC,0.0,WETH
102456,0.0006453386350788554,202863,194700,201360,0.0,USDC,0.0,WETH
102459,0.0006453386350788554,202863,196380,202500,0.0,USDC,0.0,WETH
102468,0.0006446291883192656,202852,197880,199820,0.0,USDC,0.0,WETH
102471,0.0006453386350788554,202863,196620,198480,0.0,USDC,0.0,WETH
102472,0.0006453386350788554,202863,196380,202500,0.0,USDC,0.0,WETH
102474,0.0006446291883192656,202852,196900,200310,0.0,USDC,0.0,WETH
102475,0.0006453386350788554,202863,196740,198720,0.0,USDC,0.0,WETH
102491,0.0006453386350788554,202863,196920,199080,0.0,USDC,0.0,WETH
102498,0.0006453386350788554,202863,190920,204780,49.70231196173463,USDC,0.15788086477163407,WETH
102502,0.0006446291883192656,202852,194710,198080,0.0,USDC,0.0,WETH
102507,0.0006453386350788554,202863,197880,197940,0.0,USDC,0.0,WETH
102521,0.0006446291883192656,202852,191110,198360,0.0,USDC,0.0,WETH
102534,0.0006446291883192656,202852,196770,201940,0.0,USDC,0.0,WETH
102536,0.0006453386350788554,202863,196740,201960,0.0,USDC,0.0,WETH
102581,0.0006453386350788554,202863,196740,197940,0.0,USDC,0.0,WETH
102590,0.0006453386350788554,202863,195480,200100,0.0,USDC,0.0,WETH
102598,0.0006453386350788554,202863,197100,198420,0.0,USDC,0.0,WETH
102600,0.0006446291883192656,202852,196950,197690,0.0,USDC,0.0,WETH
102604,0.0006446291883192656,202852,196330,199020,0.0,USDC,0.0,WETH
102605,0.0006446291883192656,202852,196950,199370,0.0,USDC,0.0,WETH
102608,0.0006453386350788554,202863,197640,197820,0.0,USDC,0.0,WETH
102611,0.0006453386350788554,202863,197340,198900,0.0,USDC,0.0,WETH
102616,0.0006446291883192656,202852,197800,198280,0.0,USDC,0.0,WETH
102620,0.0006453386350788554,202863,197100,197940,0.0,USDC,0.0,WETH
102622,0.0006453386350788554,202863,196680,198480,0.0,USDC,0.0,WETH
102626,0.0006446291883192656,202852,193300,200310,0.0,USDC,0.0,WETH
102634,0.0006453386350788554,202863,190920,205740,0.0,USDC,0.0,WETH
102636,0.0006446291883192656,202852,196250,197690,0.0,USDC,0.0,WETH
102643,0.0006453386350788554,202863,196260,197700,0.0,USDC,0.0,WETH
102666,0.0006453386350788554,202863,191520,204540,0.0,USDC,0.0,WETH
102672,0.0006453386350788554,202863,186420,214200,0.0,USDC,0.0,WETH
102675,0.0006446291883192656,202852,186450,216410,0.0,USDC,0.0,WETH
102677,0.0006453386350788554,202863,196260,199800,0.0,USDC,0.0,WETH
102684,0.0006453386350788554,202863,196080,199380,0.0,USDC,0.0,WETH
102685,0.0006453386350788554,202863,191580,203340,1.7661272361990046,USDC,0.020893278243930415,WETH
102687,0.0006453386350788554,202863,190560,198480,0.0,USDC,0.0,WETH
102688,0.0006453386350788554,202863,193380,201960,0.0,USDC,0.0,WETH
102705,0.0006446291883192656,202852,197530,197870,0.0,USDC,0.0,WETH
102706,0.0006453386350788554,202863,194340,202800,0.0,USDC,0.0,WETH
102711,0.0006453386350788554,202863,190800,204660,0.0,USDC,0.0,WETH
102719,0.0006453386350788554,202863,193020,199020,0.0,USDC,0.0,WETH
102733,0.0006453386350788554,202863,190740,204660,0.0,USDC,0.0,WETH
102735,0.0006453386350788554,202863,197580,198480,0.0,USDC,0.0,WETH
102739,0.0006453386350788554,202863,196980,198900,0.0,USDC,0.0,WETH
102740,0.0006453386350788554,202863,190800,204660,15.818883729342556,USDC,0.05383962621741415,WETH
102748,0.0006446291883192656,202852,196530,197740,0.0,USDC,0.0,WETH
102750,0.0006423128110389168,202816,197600,198200,0.0,USDC,0.0,WETH
102751,0.0006423128110389168,202816,197600,198000,0.0,USDC,0.0,WETH
102752,0.0006423128110389168,202816,197200,198000,0.0,USDC,0.0,WETH
102754,0.0006453386350788554,202863,196200,202500,0.0,USDC,0.0,WETH
10276,0.0006453386350788554,202863,193380,195000,0.0,USDC,0.0,WETH
102761,0.0006446291883192656,202852,195480,200310,0.0,USDC,0.0,WETH
102768,0.0006453386350788554,202863,197760,197820,0.0,USDC,0.0,WETH
102777,0.0006453386350788554,202863,196500,200040,0.0,USDC,0.0,WETH
102778,0.0006453386350788554,202863,198480,203880,0.0,USDC,0.0,WETH
102779,0.0006446291883192656,202852,196260,200310,0.0,USDC,0.0,WETH
102781,0.0006453386350788554,202863,196200,199500,0.0,USDC,0.0,WETH
102801,0.0006453386350788554,202863,190860,204720,0.0,USDC,0.0,WETH
102826,0.0006446291883192656,202852,198160,198450,0.0,USDC,0.0,WETH
102828,0.0006453386350788554,202863,198180,198480,0.0,USDC,0.0,WETH
102829,0.0006446291883192656,202852,197470,197960,0.0,USDC,0.0,WETH
102834,0.0006453386350788554,202863,197460,197940,0.0,USDC,0.0,WETH
102838,0.0006453386350788554,202863,196980,197580,0.0,USDC,0.0,WETH
102840,0.0006453386350788554,202863,190800,204660,0.0,USDC,0.0,WETH
102841,0.0006446291883192656,202852,197000,197570,0.0,USDC,0.0,WETH
102842,0.0006453386350788554,202863,190980,204660,0.0,USDC,0.0,WETH
102843,0.0006453386350788554,202863,190800,204660,0.0,USDC,0.0,WETH
102851,0.0006453386350788554,202863,192360,202020,0.0,USDC,0.0,WETH
102852,0.0006453386350788554,202863,195540,200340,0.0,USDC,0.0,WETH
102861,0.0006453386350788554,202863,196140,199740,0.0,USDC,0.0,WETH
102867,0.0006453386350788554,202863,196200,199260,0.0,USDC,0.0,WETH
102868,0.0006446291883192656,202852,196200,199260,0.0,USDC,0.0,WETH
102874,0.0006453386350788554,202863,193260,207240,0.0,USDC,0.0,WETH
102883,0.0006453386350788554,202863,196200,199380,0.0,USDC,0.0,WETH
102886,0.0006453386350788554,202863,197580,197700,0.0,USDC,0.0,WETH
102892,0.0006453386350788554,202863,190620,204480,0.0,USDC,0.0,WETH
102899,0.0006453386350788554,202863,190620,204480,0.0,USDC,0.0,WETH
102900,0.0006453386350788554,202863,190620,204480,0.0,USDC,0.0,WETH
102903,0.0006453386350788554,202863,190620,204480,0.0,USDC,0.0,WETH
102914,0.0006453386350788554,202863,190560,204480,0.0,USDC,0.0,WETH
102917,0.0006453386350788554,202863,196620,198600,0.0,USDC,0.0,WETH
102920,0.0006453386350788554,202863,196560,199020,0.0,USDC,0.0,WETH
